battery_id,discharge_cycle,ambient_temperature,capacity_ah,voltage_mean,voltage_min,voltage_std,voltage_drop_rate,current_mean,current_std,temperature_max,temperature_mean,discharge_duration_s,rul_cycles,capacity_3cy_slope,voltage_mean_3cy_avg
B0005,3,24,1.8353491942234077,3.5437367282719,2.6519168938437794,0.22752543549673088,0.0002357120336097321,-1.8164865418840956,0.5964980204475099,38.818796689817404,32.64286193755933,3651.641,108,-0.010569113297374543,3.5369618416424036
B0005,4,24,1.8352625275821128,3.5436661072601456,2.592947964776547,0.23274431724182537,0.00024074462151655985,-1.8255891938692528,0.5834624841611844,38.7623045063458,32.51487646204882,3631.563,107,-0.005532361068907054,3.541574321106006
B0005,5,24,1.8346455082120419,3.5423432526672167,2.547419651124539,0.2366885716567803,0.00024325157183913428,-1.8261139590277586,0.5834685498827803,38.66539257343368,32.38234901543077,3629.172,106,-0.0003518430056827936,3.5432486960664207
B0005,6,24,1.8356616600675495,3.5413347346347575,2.5209480504077413,0.23931625998293235,0.0002427213828768501,-1.8168108743168803,0.5967015706365189,38.75169504640032,32.43418218230641,3652.281,105,0.0001995662427184637,3.5424480315207063
B0005,7,24,1.8351461429226603,3.5410250495075215,2.487927319492314,0.2425153341196382,0.00024505426396118595,-1.816791144707133,0.5964919190059063,38.8207012322275,32.480416444757985,3650.828,104,0.0002503173553095772,3.5415676789364987
B0005,8,24,1.8257567905665537,3.554133296801584,2.6652049047458775,0.22731251096165395,0.00024428513145947743,-1.8443412120754061,0.5573831672048897,38.51713023385634,32.41046186109587,3572.453,103,-0.004952434750497463,3.5454976936479543
B0005,9,24,1.8247738529891333,3.5529355991467955,2.6038584726333673,0.2324538495076242,0.0002511180707977222,-1.853972745505648,0.5424840616663397,38.526267904657,32.3461408313,3550.594,102,-0.00518614496676341,3.5493646484853003
B0005,10,24,1.824613268496936,3.5512057319376997,2.552853984885676,0.23672870147542147,0.0002536624974251689,-1.8535899338510957,0.5423346882876612,38.52698128472781,32.27679750791685,3551.25,101,-0.0005717610348086518,3.55275820929536
B0005,11,24,1.8246195526864504,3.549292319740949,2.4724483018527317,0.2430973444996006,0.00026135273163367076,-1.863380178294828,0.5267409991401001,38.54143406601644,32.15709350345252,3530.25,100,-7.715015134098379e-05,3.5511445502751484
B0005,12,24,1.8142019357673917,3.559759220648976,2.64956413267546,0.22886185175957943,0.00025599320879744715,-1.872968810287894,0.5116979707844124,38.52197451768004,32.36407129853099,3491.016,99,-0.005205666364771798,3.553419090775875
B0005,13,24,1.8137521577549054,3.558081969139198,2.5724981777366227,0.23460775776275253,0.0002643962777755471,-1.8826095043160833,0.4942824152307196,38.582485834057856,32.3181954403762,3470.281,98,-0.005433697465772357,3.555711169843041
B0005,14,24,1.8134404914735822,3.555692244172496,2.5249886697730286,0.237911318298918,0.0002662774299157645,-1.882536787636365,0.49428703573729343,38.520294134873915,32.15709029211502,3470.0,97,-0.0003807221469048112,3.5578444779868903
B0005,15,24,1.8025980036306504,3.562746818017503,2.694621861688723,0.22392608690207388,0.0002550502464715826,-1.8817935155260215,0.49541451927035984,38.21358592965045,32.04407000314609,3450.297,96,-0.005577077062127256,3.558840343776399
B0005,16,24,1.80210690024615,3.5614521756489204,2.64010141737067,0.22796979172772144,0.00026274601415698234,-1.8921861285036712,0.4770160473926998,38.1983618706913,31.931593674911532,3429.407,95,-0.005666795613715919,3.5599637459463067
B0005,17,24,1.802579500826209,3.5603420474985823,2.5739035098380962,0.23297600498562532,0.0002722247321074354,-1.9027629207037406,0.4571130109358775,38.31926916027133,31.941655359029298,3409.484,94,-9.251402220494284e-06,3.561513680388335
B0005,18,24,1.8030683142834096,3.5591189041401865,2.4942396831720126,0.23873643876806222,0.0002829479569423454,-1.9133470605822436,0.4358942318853322,38.4787542519308,31.965008645476725,3390.422,93,0.0004807070186301026,3.5603043757625628
B0005,19,24,1.8027776247196041,3.557886771846508,2.4556793246645583,0.24145031412156678,0.0002846058178236973,-1.9131602105481538,0.43619046586394566,38.54659017774874,31.966241678512723,3390.281,92,9.90619466977414e-05,3.5591159078284256
B0005,20,24,1.8470259949329193,3.5520375235511907,2.632142800798914,0.23416563071224794,0.0002586142872495683,-1.8553455745575975,0.5400579358950733,38.44749852224995,32.37143341978575,3591.734,91,0.021978840324754997,3.556347733179295
B0005,21,24,1.847417311283644,3.5525668436897124,2.5027764692056795,0.2441722414090925,0.0002729452425606964,-1.8746995273150975,0.5078881766945342,38.992275791716615,32.70024990461686,3552.297,90,0.022319843282020423,3.554163713029137
B0005,22,24,1.8361774213478947,3.556794038327039,2.617507742871704,0.23311973567394634,0.00026337733428885123,-1.873827212788385,0.5090210348494151,38.51424197364312,32.32266411829938,3531.578,89,-0.005424286792512141,3.5537994685226475
B0005,23,24,1.8257807475776242,3.5614100044534203,2.694074478000972,0.22484633144049296,0.00025969408257722494,-1.883193546754683,0.49304941109665107,38.165816144899125,31.98795810666763,3492.907,88,-0.010818281853009525,3.556923628823391
B0005,24,24,1.8251136435078368,3.5566107947817986,2.6237674644021887,0.23067449635182954,0.0002584788379515496,-1.873239184822504,0.51045002675325,38.16526203587147,31.894456524691385,3511.594,87,-0.0055318889200284115,3.558271612520753
B0005,25,24,1.8255815042203762,3.5586742170266272,2.5010798299873738,0.23845858592777874,0.00028633173207229695,-1.9139593751505897,0.4336815885962881,38.27549578575718,31.78039681801023,3431.9370000000054,86,-9.9621678623742e-05,3.5588983387539486
B0005,26,24,1.8140311275083907,3.564103182686905,2.6849988185249796,0.22371289710668404,0.0002656254727482935,-1.9030532722310995,0.45609178373993275,37.982160799183106,31.688747146342205,3431.125,85,-0.0055412579997227655,3.5597960648317772
B0005,27,24,1.8147691941158939,3.559588063594272,2.547109116468133,0.23399060506233524,0.00028021540800163926,-1.9134590742247914,0.434873129767018,38.11100191887773,31.596747992569153,3412.406,84,-0.005406155052240968,3.5607884877692677
B0005,28,24,1.813969388710352,3.556833231052199,2.471314764334132,0.23947202414141244,0.0002830908408395442,-1.913620909902553,0.43491395027052004,38.18831137948753,31.565586498787077,3410.688,83,-3.086939901921009e-05,3.5601748257777914
B0005,29,24,1.802765665167823,3.5624410850948944,2.6613903306108773,0.22469381728284948,0.00026327857323775884,-1.9025819745719061,0.45735642874148813,37.998541119085836,31.59124667045208,3410.718,82,-0.0060017644740355215,3.5596207932471216
B0005,30,24,1.804077040117352,3.5591407106855666,2.541762355407921,0.2337381121665522,0.00027602972690018014,-1.9130621638638965,0.4362089113558066,38.194201649765226,31.603485399391182,3392.719,81,-0.004946174296499876,3.5594716756108866
B0005,31,24,1.8518025516704486,3.5573161327793144,2.628919415830567,0.2244802327371113,0.0002742370051161053,-1.920618117118412,0.4205282536761078,38.45796400011448,31.91556385491565,3470.672,80,0.024518443251313055,3.5596326428532588
B0005,32,24,1.8307038456739428,3.561870782772737,2.6312552691827045,0.22326557144507364,0.0002751917807400342,-1.9298830859597569,0.399294272689169,38.49126351534004,32.081128118597164,3414.109,79,0.013313402778295446,3.5594425420792057
B0005,33,24,1.8199041089501267,3.5617586337260088,2.654880745360911,0.22104596048351946,0.0002705883544717807,-1.9293005284805407,0.4002852377219257,38.31473393357882,31.849792632896243,3395.219,78,-0.015949221360160904,3.560315183092687
B0005,34,24,1.8093079637028517,3.5597307651083123,2.6749688422803803,0.21897224844365457,0.00026276785201614623,-1.923330987770314,0.4135159697940358,37.861934640176806,31.465690433362017,3386.0,77,-0.010697940985545403,3.561120060535686
B0005,35,24,1.80460990458052,3.5575937553540915,2.6159705726789904,0.22364252387843475,0.00026851361554705013,-1.9284469980320087,0.40194096557758924,37.90665575786083,31.40934895665031,3368.187,76,-0.007647102184803124,3.5596943847294704
B0005,36,24,1.7993770651972192,3.5597237883937995,2.658447162110498,0.22067304968852833,0.0002619974122139911,-1.9231439161693824,0.4145005123309109,38.34003238560517,31.902247475518077,3368.266,75,-0.0049654492528159655,3.559016102952068
B0005,37,24,1.7884432335370462,3.559061771422033,2.6979426084271156,0.2174117074890921,0.0002534794421255026,-1.9170149640438081,0.42729035615010547,38.0745950590744,31.649024294808623,3358.719,74,-0.008083335521736776,3.5587931050566417
B0005,38,24,1.7829230484252723,3.557015527748059,2.6617272246516333,0.2202112122344345,0.0002581795347896819,-1.922048805055383,0.4161258984825695,38.07252758016199,31.48874626238971,3339.5,73,-0.008227008385973095,3.558600362521297
B0005,39,24,1.7730337158018288,3.5562481933590964,2.699288287625812,0.21711532049783672,0.0002506149724729192,-1.9162302821549877,0.42893766203569794,37.80133585100446,31.329995610092634,3331.265,72,-0.0077047588676085865,3.5574418308430626
B0005,40,24,1.773037755078937,3.5532756526091784,2.6127932408838532,0.2242097776623701,0.00025996158226146497,-1.9220800182578983,0.4172895950868297,38.39873985476869,31.569551201845574,3321.188,71,-0.004942646673167472,3.5555131245721108
B0005,41,24,1.7678721106662054,3.556266431640255,2.6637064901468075,0.22065598640894563,0.00025405138533884193,-1.9162417890311958,0.42954821430451323,38.74929237918251,32.111426258867944,3321.844,70,-0.00258080256781142,3.55526342586951
B0005,42,24,1.7623150704093087,3.5563095420140822,2.6668454289754746,0.22086472080479183,0.00025304960275757436,-1.9158809823517762,0.4301866281036963,38.87275464755104,32.271676011112376,3311.828,69,-0.0053613423348138805,3.5552838754211717
B0005,43,24,1.7676172924938447,3.558950851054106,2.684431051981017,0.2248771520046519,0.0002545908633415964,-1.9114406265753041,0.43944109419390154,38.503541429116005,31.842291659678658,3327.391,68,-0.000127409086180237,3.557175608236148
B0005,44,24,1.762668359743147,3.5534418211598053,2.645224362345869,0.22263448201480376,0.00025044856630172503,-1.9158166997544155,0.4299853699579859,38.27009094548294,31.759815453754253,3312.078,67,0.00017664466691944146,3.5562340714093312
B0005,45,24,1.7517304870664143,3.5510121537420285,2.6603527244917,0.22130511019697496,0.00024874080722317557,-1.9151304155635374,0.4310379045239763,38.11684755251712,31.41911167391793,3293.172,66,-0.00794340271371503,3.5544682753186465
B0005,46,24,1.7418496047960008,3.551317608213948,2.6926849789916263,0.21900720749034402,0.0002465498168800279,-1.9148485784393638,0.43231390245118795,38.04152715355532,31.331626572312267,3275.328,65,-0.010409377473572895,3.5519238610385937
B0005,47,24,1.7360913511847138,3.549003180550162,2.670544734728978,0.22112880899864104,0.00024802362817514915,-1.9144128654409127,0.4327839754033059,38.17980302242767,31.35934131425137,3265.016,64,-0.007819567940849939,3.550444314168713
B0005,48,24,1.7936240148573608,3.5597648340955175,2.605158060541757,0.22690811654164278,0.0002855112711960879,-1.9388813849818083,0.3772637665356265,40.71218198711114,34.31088483888259,3328.937,63,0.025887205030679785,3.5533618742865425
B0005,49,24,1.7831890223273275,3.5623454342368555,2.672012007453096,0.22196151611679193,0.000266967616002134,-1.927509725704535,0.40406682162522617,39.885261233152924,33.43585640373788,3329.266,62,0.023548835571307204,3.5570378162941783
B0005,50,24,1.7673642076278957,3.558336657621618,2.674271233724938,0.22116302424041023,0.00026245105600595137,-1.9267185977839403,0.4055885131371584,39.18287352945846,32.66698125020078,3301.579,61,-0.013129903614732461,3.560148975317997
B0005,51,24,1.7570177850353066,3.554013138622869,2.6309416727017187,0.22441709628144815,0.00026351327630657066,-1.9261308349663746,0.4068434847542995,38.951564804030774,32.28423408691397,3283.563,60,-0.013085618646010556,3.558231743493781
B0005,52,24,1.7468706179837907,3.552376095886298,2.6629725743154204,0.22204569380260106,0.00025584562203007875,-1.9202346781375206,0.42017980834668417,38.607510759873634,32.00739178780946,3275.125,59,-0.010246794822052287,3.554908630710262
B0005,53,24,1.7417172507457144,3.549618661283733,2.612942119873717,0.22622259329090488,0.0002593003187504073,-1.9201011498853633,0.4206076443839264,38.920359903369054,32.06387071886056,3265.656,58,-0.0076502671447958226,3.5520026319309665
B0005,54,24,1.7364225056478186,3.54938103086703,2.6157198442661476,0.22644463175198204,0.0002553979851283271,-1.9144278105456467,0.43285900358177537,39.23273115358871,32.43754560319043,3266.093,57,-0.0052240561679858825,3.5504585960123536
B0005,55,24,1.7263217239235826,3.5472118680418956,2.6287695472774453,0.2256048866862126,0.00024962499153932536,-1.908340706503589,0.44542459211819263,38.964927068400804,32.16809876635083,3257.594,56,-0.0076977634110659355,3.548737186730886
B0005,56,24,1.7158065389330133,3.5467052098640246,2.6655106679421823,0.22260946236691775,0.00024315111801814036,-1.902207182631691,0.4575237574010793,38.83927283461771,32.05752645824972,3248.593,55,-0.010307983357402795,3.5477660362576504
B0005,57,24,1.710533351135192,3.544629653883431,2.650495153350403,0.22441087883425337,0.00024366183882690027,-1.9020484449938713,0.45824944020161834,38.82796377704433,31.975920928072714,3238.766,54,-0.007894186394195314,3.5461822439297834
B0005,58,24,1.706014499648521,3.5436291614253204,2.643236235233877,0.2251626394650501,0.00024131730720039848,-1.8964907679062355,0.4695119039783484,39.14007944734004,32.21689335291319,3240.14,53,-0.004896019642246105,3.5449880083909253
B0005,59,24,1.7003110272642588,3.5444946147995258,2.656450207001938,0.2250288003365719,0.0002406770930137799,-1.895971437908019,0.4700220134159711,39.349611598028886,32.55632993697177,3230.109,52,-0.005111161935466523,3.5442511433694257
B0005,60,24,1.6945798601797895,3.5409201846556857,2.626177688152069,0.22759267954042178,0.0002390604139321101,-1.8899648799839277,0.4809252461296192,39.29444535878087,32.40048085325998,3229.7810000000027,51,-0.005717319734365643,3.543014653626844
B0005,61,24,1.6849029086609286,3.541195668799061,2.6582230344240045,0.2253901682415922,0.0002370239555990082,-1.8893703824420507,0.48225312231239975,39.10487658009542,32.29371860868794,3212.469,50,-0.007704059301664893,3.5422034894180907
B0005,62,24,1.6744741591159717,3.540671044783382,2.695100237338448,0.22200337643732754,0.00022837064908345632,-1.8776883243431417,0.5029620620589579,39.0462609369598,32.136071448067796,3213.219,49,-0.010052850531908828,3.540928966079376
B0005,63,24,1.6745692479879102,3.5376048790268775,2.639091813583503,0.22747021165023182,0.00023536371921914262,-1.8831065986697755,0.4936099038550067,39.398032192832,32.38268549723498,3203.578,48,-0.005166830336509213,3.539823864203107
B0005,64,24,1.663716375981405,3.538422485261741,2.6857210282450983,0.22445639503179138,0.00022857259906700831,-1.876359921441716,0.5045046007331752,39.10678394120843,32.30899951427637,3195.125,47,-0.005378891567283292,3.538899469690667
B0005,65,24,1.659013868748246,3.53928626988912,2.69017866510873,0.2237217691429451,0.0002283347919959778,-1.8709550260104437,0.5143997774045596,39.44448954135193,32.56636929496716,3195.3129999999946,46,-0.007777689619831732,3.5384378780592463
B0005,66,24,1.6538540573335014,3.533690170241391,2.639895313359579,0.2284155018484487,0.00023013223160469394,-1.8705599868289542,0.5149956757914231,39.509602016775695,32.46542951751835,3186.297,45,-0.004931159323951577,3.537132975130751
B0005,67,24,1.642653782130131,3.534367734544495,2.68991452927918,0.22401128563800174,0.00022466268509279777,-1.8640049795794804,0.5255367036226928,39.334865362245324,32.347056454418095,3176.438,44,-0.008180043309057312,3.5357813915583356
B0005,68,24,1.6378578430223698,3.5312941932103548,2.65935818848874,0.22709204592021853,0.00022683321925158896,-1.8636932149873204,0.5263075365065475,39.43723270017243,32.371538940646154,3167.593,43,-0.007998107155565797,3.533117365998747
B0005,69,24,1.6327350407099108,3.5309134771684274,2.6657030585650423,0.22674511548841458,0.0002245689100394644,-1.857820396301907,0.5360241740397207,39.51375235624076,32.45549347979197,3167.719,42,-0.004959370710109844,3.5321918016410927
B0005,70,24,1.6277528915533617,3.5287226893409893,2.642986759012803,0.22927035359609077,0.0002263308048063476,-1.8572160981955346,0.5366022681919891,39.60170302810528,32.50017194695606,3159.077999999994,41,-0.005052475734503855,3.53031011990659
B0005,71,24,1.622125485521159,3.52625493581969,2.6311169118893036,0.23073247098074154,0.0002269979800966043,-1.8568340008006827,0.5375143566828329,39.687463597582074,32.50100298369444,3148.829,40,-0.005304777594375536,3.5286303674430357
B0005,72,24,1.6113256603765849,3.528684324337005,2.696157404617167,0.2247705585097621,0.00021931452044643613,-1.8448886500218815,0.5559145972091805,39.53535075538898,32.4728927422438,3149.094,39,-0.008213615588388217,3.5278873164992284
B0005,73,24,1.6065631397488385,3.525556939424901,2.6667596238241567,0.22779895158764976,0.00022121100799452222,-1.8444180038305806,0.5567175936954798,39.6502371632164,32.50480154634882,3140.547,38,-0.0077811728861600414,3.5268320665271986
B0005,74,24,1.6015142233917594,3.5226805646793737,2.6403185448373043,0.23050584047552053,0.0002230802454275608,-1.8438790389835118,0.557421835420678,39.69929058154853,32.51218336210202,3131.625,37,-0.004905718492412647,3.5256406094804262
B0005,75,24,1.590369231400328,3.524673458789008,2.69892986372897,0.22554614793423197,0.00021817717951966872,-1.83711254029409,0.5670761474198778,39.56076309770468,32.45692821941515,3121.907,36,-0.008096954174255048,3.5243036542977606
B0005,76,24,1.5857889968242211,3.5213155754526824,2.6682466504352993,0.22838261270267754,0.0002182183392865626,-1.8315957075983758,0.5758422473114834,39.63708096307912,32.447059186431154,3122.125,35,-0.007862613283768981,3.522889866307022
B0005,77,24,1.5849430707374117,3.51803386486462,2.6479207279724903,0.23117872316851204,0.00021920839704147522,-1.8311195242792309,0.5758733468618624,39.43977047692484,32.32889654966259,3121.672,34,-0.002713080331457863,3.52134096636877
B0005,78,24,1.5955263892495937,3.5236841955396794,2.6741633856529066,0.22917796003491905,0.0002256238305252689,-1.8432799764914718,0.5581982237984048,39.839022256254516,32.84488475360107,3120.86,33,0.004868696212686531,3.5210112119523274
B0005,79,24,1.5747301747801037,3.519146638240668,2.6892528956736257,0.22719970590454205,0.00021841721025795614,-1.829798505957538,0.577259511293026,39.41794949618613,32.31731555011648,3103.828,32,-0.00510644797865401,3.5202882328816556
B0005,80,24,1.5649019950937946,3.516233648608237,2.688809122993162,0.2273324183483178,0.00021624492344623185,-1.8236746835609148,0.5868747718090098,39.262781682151214,32.06376130177751,3095.094,31,-0.01531219707789949,3.519688160796195
B0005,81,24,1.5597659473370362,3.514773138461639,2.6743555987897745,0.22847210016062755,0.00021581466023891743,-1.8176720770210877,0.5952075610841622,39.47237839941986,32.21997626855924,3095.781,30,-0.007482113721533657,3.516717808436848
B0005,82,24,1.5594815668184234,3.5132992979150073,2.6430294964336345,0.2314217062849809,0.0002187320424027837,-1.8179238657973993,0.5952405875017754,40.037541469513684,32.7120225448885,3094.328,29,-0.002710214137685369,3.5147686949949613
B0005,83,24,1.55468935359061,3.514484830704665,2.6584858447131823,0.23060759962593796,0.00021862226149292342,-1.817160673909645,0.5961269317003768,40.142730162011574,32.945022147355694,3086.531,28,-0.0025382968732128716,3.51418575569377
B0005,84,24,1.5488741079890418,3.5109677353595243,2.629782173759164,0.2329526759800367,0.00021795344067467815,-1.8110297241968543,0.6042377451924877,40.1165626728546,32.857549597381336,3085.625,27,-0.005303729414690637,3.5129172879930657
B0005,85,24,1.538236598942558,3.5109358749578012,2.6622967647315545,0.2307329830817022,0.0002165533944368754,-1.8094435644526072,0.605972691577863,39.87503330866132,32.629663328789654,3067.203,26,-0.008226377324026068,3.5121294803406635
B0005,86,24,1.527914258251028,3.509393098217416,2.682380966742509,0.2288570136594319,0.00021312411300919684,-1.8026537331443495,0.6147018605615803,39.61961987024145,32.379859014262976,3058.157,25,-0.010479924869006792,3.510432236178247
B0005,87,24,1.5285252629756445,3.5066782411556563,2.6401894768922713,0.2324429087783303,0.00021620636373807808,-1.8031542757366414,0.6147768190719081,40.067324667444815,32.68215852457039,3058.812,24,-0.004855667983456525,3.509002404776958
B0005,88,24,1.522647325284378,3.5109885623008092,2.693769409137257,0.2279824823099926,0.00021290253610377417,-1.7965666438696486,0.6225281437334834,40.24716716520102,32.99387423636739,3058.578,23,-0.002633466483324591,3.5090199672246274
B0005,89,24,1.5174859938489869,3.510305462695178,2.695787450704935,0.2281087434098021,0.00021320612567642992,-1.7959771394311956,0.6233048468787379,40.30253125568348,33.04539707211165,3049.328,22,-0.00551963456332868,3.5093240887172144
B0005,90,24,1.605818899130659,3.5222215314850214,2.6920548172137724,0.23455024881444192,0.00021964801130674275,-1.822916991757235,0.5880606956486941,40.09418103142496,32.856295641052824,3177.219,21,0.041585786923140494,3.5145051854936695
B0005,91,24,1.5638491446744425,3.5163492154331264,2.629071246219689,0.2342514069587575,0.00022912508699949599,-1.8294275689587538,0.5790386830763732,40.52238496316615,33.33950238056361,3082.937,20,0.02318157541272796,3.5162920698711084
B0005,92,24,1.5480915247767786,3.5134397623234963,2.631343871050918,0.23338016528628605,0.00022390067326196513,-1.816317296828028,0.5967165768532282,40.56886357314186,33.35156485472646,3074.266,19,-0.028863687176939948,3.517336836413881
B0005,93,24,1.5323755631868592,3.515137522009075,2.6983970036642315,0.22724285807568523,0.00021605624733283304,-1.8033689952639713,0.6138243789661205,40.27804845768325,33.147486361012966,3066.0,18,-0.01573679074379133,3.514975499921899
B0005,94,24,1.5269528268489705,3.50830390643132,2.6338485871981514,0.2331667808997218,0.00021872624304919208,-1.802670753119494,0.6146945270651876,40.2921849196155,33.007275861749356,3056.437,17,-0.01056934896390401,3.51229373025463
B0005,95,24,1.5169573017136326,3.509190808443004,2.671566207861818,0.22983512055913674,0.00021523998453531432,-1.7958941337499832,0.6233018675049735,40.184384347174266,32.91990812745461,3048.219,16,-0.007709130736612915,3.510877412294466
B0005,96,24,1.5118975960142693,3.5068097579555353,2.6540810507928123,0.23170359937392337,0.0002164429436123291,-1.795344963527795,0.624318776563091,40.320066232195046,32.99903328622305,3039.218,15,-0.007527615417350444,3.5081014909432864
B0005,97,24,1.5065638960681105,3.50609090727422,2.656849703962618,0.23141529776276365,0.00021468279532175727,-1.7893518988259454,0.6320325499876801,40.336505612651585,33.03772281691292,3039.047,14,-0.005196702822760852,3.5073638245575864
B0005,98,24,1.5015453526671363,3.5037157727265953,2.6363048614501152,0.23345025331554517,0.00021607376852926505,-1.7883879159763685,0.6328913986760089,40.43267631588412,33.07740307192613,3030.375,13,-0.005176121673566461,3.505538812652117
B0005,99,24,1.4908444050400238,3.5067479961367156,2.69951692300468,0.22782166398290293,0.00021160919494329523,-1.7815447770741009,0.6414356710358949,40.314538591575015,33.05467981523988,3021.0,12,-0.007859745514043491,3.505518225379177
B0005,100,24,1.485868384561201,3.5058813026542324,2.698216006032282,0.22798452244418208,0.00021031874226361502,-1.7753115642966961,0.6486068932660061,40.386661855917744,33.11570360624461,3021.75,11,-0.007838484052967434,3.5054483571725146
B0005,101,24,1.480413677976106,3.504168333530808,2.6911707598773864,0.22887754440273086,0.00021103787257666494,-1.7742377662318358,0.6498057454815246,40.43384612547835,33.12942148982364,3012.265,10,-0.005215363531958836,3.505599210773919
B0005,102,24,1.4752095869031632,3.5030568931470634,2.690162319231471,0.22926505227297364,0.00021147185297056367,-1.773860289771637,0.6507355272479427,40.44479269068758,33.130681310493344,3002.641,9,-0.005329398829018538,3.504368843110701
B0005,103,24,1.4859035988304024,3.4982324882487936,2.6355034454892072,0.23319573629206394,0.00021501262924864805,-1.7809702419814517,0.6422230325919555,40.58499656066617,33.20069210329718,3012.0,8,0.0027449604271484345,3.5018192383088884
B0005,104,24,1.4960918298136696,3.5065859365661325,2.6594753656507684,0.2327793636251861,0.00022085642046478326,-1.7879098523188452,0.633757279790088,40.99869158762305,33.78697527817091,3020.11,7,0.0104411214552533,3.5026251059873297
B0005,105,24,1.4808005946928984,3.501457140697961,2.644554999824577,0.2335250205477887,0.0002176172949551978,-1.780229415660985,0.6432393686749752,40.997807625227495,33.673365085761986,3002.172000000006,6,-0.0025515020687519024,3.502091855170962
B0005,106,24,1.4697543268466824,3.501658387162809,2.6719601666204564,0.23109365437747822,0.0002144075564160427,-1.7731015168894209,0.6514705765655358,40.84213757482493,33.535818118317145,2992.703,5,-0.013168751483493259,3.503233821475634
B0005,107,24,1.4539012274845928,3.4966186408455298,2.6598211033173382,0.23123114842947284,0.00021411856666809722,-1.7705879947441516,0.654212957890516,40.69012464267011,33.32269982188509,2964.468,4,-0.013449683604152584,3.499911389568766
B0005,108,24,1.4541462067235693,3.4991645719433246,2.688360455508818,0.22947771879895953,0.00021003033008409186,-1.7600629827474803,0.667000512961465,40.69938049882204,33.346230327490304,2983.375,3,-0.007804060061556332,3.499147199983888
B0005,109,24,1.455023751906683,3.496080777360074,2.6376728619288525,0.23426793601664392,0.00021507296638610684,-1.765575132998529,0.6607978776580166,41.06026204078849,33.64948900485925,2975.297,2,0.0005612622110453396,3.4972879967163095
B0005,110,24,1.449042163761236,3.4959014526387993,2.645120521151077,0.23343364754226326,0.00021320850574741863,-1.7588271887545277,0.6677722505465497,41.19696040482682,33.79269513542102,2974.9850000000006,1,-0.00255202148116647,3.4970489339807327
B0005,111,24,1.4386709371480566,3.49758697990267,2.698012437629632,0.229142139192038,0.00020910851993556235,-1.7516428147438297,0.6759686601230658,40.84446688602949,33.52446663707275,2966.25,0,-0.008176407379313189,3.4965230699671808
B0005,112,24,1.433445432156979,3.4956989619989507,2.6928942772989077,0.2296125408087406,0.00020961461662223185,-1.7513097768253418,0.6767833456075123,40.764203830749366,33.39042251934235,2956.359,0,-0.007798365802128382,3.49639579818014
B0005,113,24,1.4333958900838095,3.492875380810072,2.6483923655058113,0.2334116463244922,0.00021222846008556878,-1.7511840784846122,0.6767869141766419,41.11212504270441,33.67370212742761,2956.344,0,-0.0026375235321234006,3.4953871075705645
B0005,114,24,1.42806487344776,3.49551076423368,2.6832134764261997,0.23026320374609258,0.00020969369553368878,-1.7446206812145286,0.6838024379199837,41.27256611507568,33.91080564765892,2956.406,0,-0.002690279354609368,3.4946950356809006
B0005,115,24,1.4229203181741186,3.4942333590450834,2.684960445221862,0.23051595773401903,0.00020995709299073608,-1.7436362428649814,0.6846051890564013,41.15574924454392,33.7850680599871,2947.266,0,-0.005237785954845429,3.4942065013629446
B0005,116,24,1.417429032731308,3.491197414255986,2.669922120529456,0.23192515902293845,0.00021033963747766926,-1.7425325036061032,0.6854953037815841,41.03237216951879,33.61126807392732,2937.984,0,-0.005317920358225802,3.4936471791782497
B0005,117,24,1.412409228794446,3.4889094081576237,2.664105530655056,0.23255290311170276,0.00021065392963480188,-1.7419837011363046,0.6864030353770245,40.937269906716935,33.45598581472246,2929.125,0,-0.005255544689836264,3.4914467271528977
B0005,118,24,1.412578792940193,3.487376295811431,2.634098605983684,0.23502132753203192,0.00021293195740892511,-1.7421680980861822,0.686435308908867,41.240704611971786,33.723267448788484,2928.454,0,-0.0024251198955573964,3.4891610394083465
B0005,119,24,1.4075983731469897,3.491994243745711,2.68378702970616,0.23071791602007982,0.00021026396485773126,-1.735841378420618,0.6933478478788404,41.43649987692296,34.050076369857344,2929.375,0,-0.002405427823728149,3.4894266492382555
B0005,120,24,1.4333920485221476,3.491585878898649,2.660031949282934,0.2314340526179757,0.00021499964475624308,-1.7567879869499758,0.6705438927885254,41.16703904201915,33.889346908026745,2946.031,0,0.010406627790977481,3.490318806151931
B0005,121,24,1.4382550176792908,3.495576227046425,2.650011641082063,0.23397367076765024,0.00021968288150657836,-1.7573176114092575,0.6694688446745368,41.36216559728765,34.067648550088656,2955.438,0,0.015328322266150602,3.4930521165635953
B0005,122,24,1.4173547174485526,3.4938988589692483,2.6936969083341418,0.22954405726334065,0.0002121818250368739,-1.7427628393326555,0.6856017380135446,41.02198772703674,33.75168100943646,2937.625,0,-0.00801866553679742,3.493686988304774
B0005,123,24,1.406981663677643,3.49159162968384,2.697073130067154,0.22932881459420568,0.00020984462697508716,-1.7352637407600366,0.6933146489933393,40.78818812957494,33.46482299584788,2929.078,0,-0.015636677000823575,3.4936889052331708
B0005,124,24,1.4012037783587625,3.4885729299834787,2.6806995515145213,0.23087953878001954,0.0002105904321436313,-1.7344350518111926,0.6942236682134463,40.81506138506309,33.40210697922146,2918.375,0,-0.008075469544894952,3.4913544728788555
B0005,125,24,1.3967008232726328,3.4869021151089825,2.6695398084864568,0.23172009682163183,0.0002095323431298889,-1.7280392046289716,0.7011017090448697,40.858374219876424,33.410688917712235,2919.812,0,-0.005140420202505062,3.4890222249254337
B0005,126,24,1.391284788852726,3.4855485210036417,2.671695307817951,0.2320368945792356,0.00021141211494078748,-1.7326888725308258,0.6961086414901655,40.839876773287166,33.38984948261314,2900.422,0,-0.004959494753018104,3.4870078553653676
B0005,127,24,1.3862287677978349,3.4838912547260388,2.661289185949965,0.23259470683920805,0.00021031225650069854,-1.7260735249920125,0.7028749959302109,40.85376069244676,33.3700433438796,2901.375,0,-0.005236027737398848,3.485447296946221
B0005,128,24,1.3804366761974138,3.483198941484065,2.667817533540102,0.2320093486771037,0.00020831659709084923,-1.7195393742714093,0.7094441800501549,40.74795214258888,33.27215987470977,2901.187,0,-0.005424056327655953,3.4842129057379156
B0005,129,24,1.3752364150256224,3.4836274447098883,2.684008069130594,0.23099757689946665,0.00020835338067140704,-1.7185829844462923,0.7104295747135849,40.68794001196382,33.222444215660225,2891.64,0,-0.005496176386106042,3.483572546973331
B0005,130,24,1.3705128024895008,3.480172442538601,2.6585256208771644,0.2328888860424913,0.00020925037912083996,-1.717672415155695,0.7114589545468621,40.7810749453613,33.26207748383125,2882.906,0,-0.004961936853956365,3.482332942910851
B0005,131,24,1.3705085566270399,3.478452148610975,2.6372250579822927,0.2349115652478485,0.0002105431417490635,-1.7177080769362936,0.7112700457368812,40.88159339768709,33.312029905516525,2883.265,0,-0.0023639291992912574,3.4807506786198217
B0005,132,24,1.3647355108681518,3.4785782556105507,2.6514257735606432,0.23371613114596132,0.00020859390522887995,-1.7109669363015376,0.7178817791871309,40.81191473576834,33.25287943255863,2882.969,0,-0.002888645810674454,3.479067615586709
B0005,133,24,1.375392016895762,3.4825195584604582,2.676384659108382,0.22996700565473227,0.00020861163676948912,-1.7184206130755166,0.7104440687417272,41.11793533148924,33.745054045019884,2891.656,0,0.0024417301343613415,3.479849987560661
B0005,134,24,1.3861115151535393,3.4886823636752826,2.6949138502817815,0.2305166507714859,0.00021367196342413034,-1.7260471943596487,0.7029280466636602,41.248795355864885,33.88841975386692,2901.25,0,0.010688002142693815,3.4832600592487637
B0005,135,24,1.3698500035838939,3.4858502383832755,2.6973343716306273,0.229689874761782,0.00020947282039878104,-1.712021613408506,0.7169288800053295,41.16242984455477,33.7353756996425,2891.703,0,-0.002771006655933889,3.4856840535063385
B0005,136,24,1.3647827949260758,3.478794177297151,2.642540259937964,0.23415766646771544,0.00021032957415982243,-1.711022510206629,0.7178849800923008,41.16437554618679,33.59131052719714,2883.016,0,-0.010664360113731602,3.4844422597852365
B0005,137,24,1.3543220466259964,3.4812826020756744,2.699226257883075,0.2296261723890385,0.00020653459334139766,-1.703421414006958,0.7252203529345469,40.864216180205034,33.32366688599416,2873.453,0,-0.007763978478948592,3.481975672585367
B0005,138,24,1.3546417018378962,3.480352041587074,2.676480329780849,0.23135076723711012,0.00020837998991602347,-1.703574708739156,0.7250143495493764,41.25434553511566,33.691961507697364,2874.031,0,-0.005070546544089607,3.4801429403199666
B0005,139,24,1.3547039213192407,3.4781127815565127,2.642142168479886,0.23421513644395944,0.0002099730904287845,-1.7034912994217157,0.7251866928085958,41.45023191903855,33.887639684793655,2874.234,0,0.00019093734662220454,3.4799158084064206
B0005,140,24,1.349314997503458,3.4765867130506125,2.644725254926797,0.23433904836584496,0.00020968986445345166,-1.7023383270190764,0.726300026957014,41.27708509224051,33.67308060941856,2864.984,0,-0.0026633521672189413,3.4783505120647327
B0005,141,24,1.3441891937970554,3.4733769291841643,2.632270655366611,0.23574646332423185,0.0002100769409728266,-1.7014238498912502,0.7272134622451198,41.064605154983276,33.411988203265814,2855.093,0,-0.005257363761092492,3.476025474597096
B0005,142,24,1.3389913790695755,3.4726366397371127,2.6391006118876117,0.23483898171754727,0.00020801579545944493,-1.6950436046971957,0.7333519547642081,40.99284868101728,33.29926524979532,2855.625,0,-0.0051618092169412174,3.4742000939906297
B0005,143,24,1.3389145230206971,3.473439372740961,2.637841830893275,0.23479831383576488,0.0002089434209363204,-1.695057731610264,0.7335626760276208,41.29040553417739,33.59980731390034,2855.594,0,-0.0026373353881789055,3.4731509805540792
B0005,144,24,1.3340066759761655,3.4754777099091454,2.668286095904868,0.23268564565922872,0.00020812700955198768,-1.6937809113323188,0.7343985203891996,41.22740227746052,33.61961195858585,2847.437,0,-0.002492351546704861,3.47385124079574
B0005,145,24,1.3286444309174914,3.4722884821666766,2.6490198126838553,0.23410417256729069,0.0002070948602756469,-1.6869434054016965,0.7406453707024624,41.04619550953222,33.3945201718652,2847.36,0,-0.005135046051602579,3.4737351882722614
B0005,146,24,1.3231708992276219,3.471373665098864,2.664058512378051,0.23334669694409094,0.00020626311370021787,-1.6860649112944592,0.7415168583920652,40.85874389007758,33.16734508187535,2837.328,0,-0.005417888374271658,3.4730466190582288
B0005,147,24,1.3181691588445197,3.4726160162875095,2.6883611693898826,0.2313300011614801,0.00020428189874652174,-1.6795829780331424,0.7474505249209339,40.79196924883506,33.10962161613893,2837.281,0,-0.005237636036485737,3.4720927211843495
B0005,148,24,1.3184664436640334,3.4738146874457896,2.6869753836302124,0.23107179563833466,0.00020499037888485776,-1.679793840292355,0.7476125202754746,41.14127834456325,33.46501751186519,2838.515,0,-0.002352227781794004,3.472601456277388
B0005,149,24,1.318293040102702,3.4701426486639693,2.6507536817766586,0.23433499047226858,0.00020824910984373014,-1.6851739865098712,0.7426401126844396,41.14429319149828,33.4426191014044,2828.328,0,6.194062909124689e-05,3.4721911174657563
B0005,150,24,1.323872422244268,3.467523652225441,2.6646322789106516,0.22993104314578544,0.0002051331085481684,-1.6863812036302581,0.7416010886402903,40.66184230912503,33.037928170775885,2838.265,0,0.0027029892901173063,3.4704936627784
B0005,151,24,1.3601216766554785,3.4767525840839255,2.6400211837268666,0.23540364113204323,0.0002175955623613637,-1.715777469309528,0.7135712492118176,41.046694544970684,33.4949493613756,2864.547,0,0.020914318276388177,3.471472961657778
B0005,152,24,1.3395306867947354,3.4758956827369127,2.674198661305034,0.23141450235644928,0.00021140072948465575,-1.7007216920098716,0.7281444869556635,41.0462053156659,33.491363029025784,2846.39,0,0.007829132275233838,3.473390639682093
B0005,153,24,1.3290286565120697,3.475812179626641,2.696427051131168,0.22982866330880042,0.00020841305149316662,-1.6928138295817332,0.7355491829025723,40.868302643225604,33.329808599922345,2837.969,0,-0.015546510071704187,3.4761534821491598
B0005,154,24,1.3236741274998955,3.4746554404904435,2.6928340297696836,0.23034104902999514,0.00020703350287497131,-1.6861104874993165,0.7415448385525264,40.85283588259973,33.27302769298771,2838.156,0,-0.00792827964741971,3.4754544342846656
B0005,155,24,1.318633896753293,3.472301781313945,2.681747855329962,0.23135728351469487,0.00020722184274895992,-1.685043785043406,0.7425021379234665,40.85270645265791,33.229879126701434,2829.843,0,-0.0051973798793883905,3.4742564671436766
B0005,156,24,1.3134751321324272,3.4729305773503527,2.696791414385091,0.23009227143713637,0.00020527928123840471,-1.678524839793589,0.7485063258578094,40.8263251809212,33.20860833999321,2829.625,0,-0.0050994976837340006,3.47329593305158
B0005,157,24,1.3132020634442203,3.4696192030612285,2.664695973142795,0.23314646442584394,0.0002083132763379147,-1.6839115230941766,0.7436617614037866,40.90308836809665,33.236115055926255,2819.437,0,-0.002715916654536321,3.471617187241842
B0005,158,24,1.3077959946944353,3.470018470757559,2.679191623358613,0.2319010543734744,0.00020615775758025078,-1.6773783325850857,0.749467869640777,40.84337405460518,33.18660088296571,2819.579,0,-0.0028395687189959663,3.470856083723047
B0005,159,24,1.3030329186405918,3.470762691935287,2.699983457940659,0.23041567165870697,0.0002054723781411582,-1.676425373206175,0.7504749213693337,40.81792110626284,33.174058099115534,2810.672,0,-0.00508457240181409,3.4701334552513585
B0005,160,24,1.3033573559038205,3.468111467035994,2.666300786624286,0.232919708838876,0.00020712002608309278,-1.67627880896028,0.7506572509412427,40.946993847659506,33.253984518546055,2811.485,0,-0.002219319395307429,3.46963087657628
B0005,161,24,1.3034100438655642,3.4648625780221494,2.6308501373847837,0.2358919511891503,0.00021004893364417394,-1.6817992883033976,0.7455663662944304,41.074938058306316,33.3198093248819,2802.422,0,0.00018856261248648064,3.467912245664477
B0005,162,24,1.2978870806495706,3.467864133752208,2.673348140468748,0.23263190858264068,0.0002072553914102159,-1.6750812261110137,0.7514866168761039,41.02476444658572,33.33765795318198,2801.625,0,-0.002735137627124906,3.4669460596034507
B0005,163,24,1.2980735056918902,3.464021404592563,2.632763831012711,0.2358468286065869,0.00020883537967752964,-1.675366426273468,0.7513142100782045,41.06214198725253,33.29076744042025,2802.031,0,-0.0026682690868370636,3.46558270545564
B0005,164,24,1.293463613844243,3.4664623858156745,2.6687371180046218,0.23332688158658493,0.0002080197933855703,-1.6744879201095209,0.7524291600776425,40.98366325567302,33.27568841807217,2793.39,0,-0.002211733402663522,3.4661159747201484
B0005,165,24,1.288003392619118,3.46850906693551,2.696396337945361,0.2310130188837717,0.0002056399364423247,-1.6674467270234996,0.7584698210792726,40.98234242711097,33.32067807371405,2793.39,0,-0.005035056536385948,3.466330952447916
B0005,166,24,1.2874525221379407,3.466806213058136,2.6794834862925194,0.2324429767597101,0.00020651029600666053,-1.6674702882406252,0.7586689544577084,41.06375085817118,33.37314972896719,2792.485,0,-0.003005545853150969,3.4672592219364398
B0005,167,24,1.3090153642307354,3.471070722008039,2.6787137407179737,0.2297938191642851,0.00021037064774238982,-1.6888978346592105,0.739392013708175,41.047029587744966,33.71351889594897,2802.016,0,0.010505985805808811,3.468795334000562
B0005,168,24,1.3250793286429356,3.475472204020004,2.655378369801326,0.23559285682799622,0.00021700233910157906,-1.6979281889133206,0.7314040443688112,41.051007697556734,33.86531768239223,2820.39,0,0.018813403252497644,3.471116379695393
B0006,3,24,2.013326371345464,3.5667524696413215,2.4404797151065436,0.22354896090021636,0.0004757630214721944,-1.9899467848963859,0.20247271551126877,38.999202460252846,32.24414709253608,3651.641,97,-0.011005609830067037,3.561724777618658
B0006,4,24,2.0132846655407413,3.5687953371516272,2.4791558539003917,0.22097908742082084,0.00046790173767720866,-1.9896009282099438,0.202976043273228,38.843627771866515,32.14711742429942,3631.563,96,-0.005927790245334852,3.5656745360600097
B0006,5,24,2.000528337624771,3.563970503289941,2.280187848173442,0.23503509475204634,0.0005229368583891359,-1.9895483606575701,0.20279390598185937,38.97798888258284,32.06687277315468,3629.172,95,-0.00639901686034666,3.5665061033609633
B0006,6,24,2.0138990759931645,3.5735512387791406,2.4392842568466446,0.22547907676393128,0.0004802292776499238,-1.9901040351037365,0.2022953831615659,38.83989920742278,32.03447836207717,3652.281,94,0.00030720522621177626,3.5687723597402363
B0006,7,24,2.013101105626967,3.5711391343785897,2.2812068449406446,0.2359700655161548,0.0005238462190627933,-1.9900886222380372,0.20215665889240747,39.04610837498471,32.11157496697372,3650.828,93,0.006286384001098103,3.569553625482557
B0006,8,24,1.9687898262728398,3.5681507462163036,2.366410527029613,0.22690300607421549,0.0005067711460684992,-1.9891170520197212,0.20448152340391518,38.87507521022778,32.112576242471775,3572.453,92,-0.022554624860162346,3.5709470397913443
B0006,9,24,1.9681661764334244,3.5692834155812436,2.436020049578708,0.2225588245195615,0.0004901006632811674,-1.9892116643905464,0.20469906582242786,38.7260539826455,32.03566207329278,3550.594,91,-0.022467464596771108,3.5695244320587123
B0006,10,24,1.9572307917560536,3.563388513484579,2.1864377487643725,0.24025262256048352,0.0005604956680431661,-1.989191243247005,0.20487136240289794,38.98629728904917,31.99527968872302,3551.25,90,-0.005779517258392646,3.5669408917607086
B0006,11,24,1.9455991514129352,3.566658719765511,2.3406023605912454,0.2287529216435241,0.0005203532750856754,-1.9891317699701738,0.20545737080452486,38.65978861919643,31.874127571841353,3530.25,89,-0.011283512510244174,3.5664435496104443
B0006,12,24,1.9347505044841131,3.5687035970122842,2.4263021374140443,0.2245021597962224,0.0005017360392736844,-1.9887805507702212,0.20658439837520928,38.84979195732924,32.120959708576166,3491.016,88,-0.011240143635970258,3.566250276754125
B0006,13,24,1.9232799539368028,3.569207084156356,2.4753697700007034,0.22161053340015757,0.0004900913566324329,-1.9887320866401275,0.20729429121144527,38.75128344015104,32.11021168908644,3470.281,87,-0.011159598738066006,3.5681898003113837
B0006,14,24,1.911889930948487,3.5659271296109383,2.342364523655007,0.22991046226842987,0.00052893938665431,-1.9887200290368634,0.20720696558261123,38.76853764058789,31.989061278918154,3470.0,86,-0.011430286767813203,3.567945936926526
B0006,15,24,1.9010667141979305,3.5612417270649486,2.188400081882664,0.24035876978340462,0.0005763742784450013,-1.9887874042287874,0.2076990497369646,38.84686112344348,31.878814448635442,3450.297,85,-0.011106619869435919,3.5654586469440814
B0006,16,24,1.8891989948061458,3.557881987836072,2.1206980945954057,0.24452370921534203,0.0005991680719080442,-1.9885910895930397,0.20803603116200292,38.865889781652804,31.767450711024402,3429.407,84,-0.011345468071170211,3.5616836148373197
B0006,17,24,1.878278372248849,3.56282437243777,2.369981457799298,0.22899254958827592,0.0005301051029754641,-1.9884892463229662,0.20896148657331484,38.647578733807656,31.78991634963658,3409.484,83,-0.01139417097454044,3.5606493624462634
B0006,18,24,1.8675697161520206,3.5591953280168633,2.247991649924625,0.2362539061879907,0.0005687678082021704,-1.9883474274444874,0.20936627777425315,38.79218188173866,31.82883467218067,3390.422,82,-0.010814639327062637,3.559967229430235
B0006,19,24,1.8675892574453767,3.5580906165580983,2.4115317107898875,0.23248821605250242,0.00038128996029885626,-1.9774549866256104,0.2555143974441181,38.77022223929529,31.890449470827843,3390.281,81,-0.0053445574017356185,3.560036772337577
B0006,20,24,1.979626548250818,3.565899462157853,2.2033558468593775,0.23666435566343638,0.0005488235852978799,-1.9892347833261184,0.20388604102481026,37.54320599748628,31.51177053595285,3591.734,80,0.056028416049398906,3.5610618022442715
B0006,21,24,1.9575499080884022,3.570814209348872,2.35887751155593,0.22578171830729027,0.0005113160607647734,-1.9890474874073771,0.2051049765214555,37.90362577530197,31.874488497680712,3552.297,79,0.044980325321513,3.5649347626882744
B0006,22,24,1.9458150170787551,3.5666817833633124,2.218672914041916,0.23460941833641036,0.0005545805265572509,-1.988682950523383,0.2054837524109853,37.6701605139887,31.53911453638972,3531.578,78,-0.016905765586031005,3.567798484956679
B0006,23,24,1.9242461121680094,3.5668392745025836,2.339723057947995,0.2275721037589103,0.0005258632583845079,-1.9885447318884866,0.20672257429749546,37.34166959188387,31.220866832188786,3492.907,77,-0.016651897960196095,3.568111755738256
B0006,24,24,1.9459811331421641,3.571051969392875,2.3997508208942735,0.22747354651355792,0.0005098130350595665,-1.9885639445355097,0.205949863235092,37.28979017254232,31.119005145018026,3511.594,76,8.305803170483384e-05,3.568191009086257
B0006,25,24,1.901407930553079,3.5666308474029793,2.491410879472442,0.22068728350290212,0.0004911402900615407,-1.9880563928902786,0.2082194776973129,37.16794481484507,31.033244078156734,3431.9370000000054,75,-0.011419090807464649,3.5681740304328127
B0006,26,24,1.878674213680085,3.5527392240854914,2.1387303309558976,0.24761140866112302,0.0004099311934553201,-1.9772969675547487,0.254357010276143,37.51577848501052,31.001249222460967,3431.125,74,-0.03365345973103956,3.5634740136271152
B0006,27,24,1.8683061328264219,3.5560959755046615,2.346064498302046,0.23504747924467745,0.000392827152426063,-1.9771693646864965,0.25515829145991487,37.24165964092258,30.921434744041356,3412.406,73,-0.01655089886332817,3.558488682331044
B0006,28,24,1.8560244070082998,3.5504500858303394,2.327337743316428,0.24060676598781225,0.0003658694039177846,-1.9660385076397233,0.2937138458930206,37.27233216178077,30.929360248207214,3410.688,72,-0.011324903335892403,3.5530950951401636
B0006,29,24,1.8451997961855777,3.546007083640312,2.4863117233366316,0.23544926884929754,0.00032126362609697485,-1.9445990482746272,0.35770783733733696,37.207134503019795,31.00810965793079,3410.718,71,-0.011553168320421834,3.550851048325104
B0006,30,24,1.857228890885317,3.554257954720065,2.2921663510920895,0.24271286255725477,0.0004034012881376478,-1.9769156942357176,0.25589338077612045,37.49607769896255,30.96779499306422,3392.719,70,0.0006022419385089096,3.5502383747302386
B0006,31,24,1.9247760889090635,3.555857469677978,2.4343006861812118,0.22078536256948547,0.0005058099232968921,-1.9997552547832569,0.14700435354987934,37.250073961181094,31.10097217303459,3470.672,69,0.03978814636174323,3.5520408360127846
B0006,32,24,1.8822317526092551,3.5537306734803207,2.472619908000758,0.22368965836687763,0.00037145039079251093,-1.9884344406296768,0.20901478223207898,37.39699052067588,31.307368922041046,3414.109,68,0.012501430861969346,3.5546153659594544
B0006,33,24,1.855276687885587,3.5452650003621513,2.403422072720937,0.23215332099258618,0.0003571132316949852,-1.9771310999966942,0.25597312110332004,37.2852066420257,31.131339987164562,3395.219,67,-0.034749700511738105,3.5516177145068166
B0006,34,24,1.8392508917181876,3.538408778928339,2.4006679782182205,0.23624667070508096,0.0003408870127930403,-1.965705768920947,0.29518219456583883,37.080390421974414,30.828713779105055,3386.0,66,-0.02149043044553349,3.545801484256937
B0006,35,24,1.8185396073994429,3.5297688311332673,2.3194299432177345,0.2439099480182485,0.00033319284182033214,-1.9542494702422435,0.3301024928060525,36.98024266357476,30.761533072057244,3368.187,65,-0.018368540243071826,3.537814203474586
B0006,36,24,1.8134770059567056,3.5300676840423306,2.3401731734980076,0.244307450843308,0.00032666138123351086,-1.9490605727432448,0.3456683188151143,37.598741245467004,31.30305692941581,3368.266,64,-0.012886942880740767,3.532748431367979
B0006,37,24,1.7971018450305436,3.5248882875629555,2.3829603510808774,0.24375960384087478,0.000312207570328541,-1.9373547119632697,0.3750698159946979,37.33680914521836,31.06432144678013,3358.719,63,-0.01071888118444943,3.528241600912851
B0006,38,24,1.7810046294120476,3.5190926887152725,2.351855540704836,0.24666463745510467,0.00030975371618939974,-1.9312604088713479,0.38980058555195723,37.39499820465976,30.96654665282149,3339.5,62,-0.016236188272328488,3.5246828867735194
B0006,39,24,1.7710130422682329,3.5151810230271,2.3535104841115886,0.24783168845894557,0.00030383520697518815,-1.925413982519257,0.4032503267568939,37.35233964342659,30.826455697992966,3331.265,61,-0.013044401381155491,3.5197206664351093
B0006,40,24,1.7604712448170943,3.514029112834162,2.3948058223938364,0.24620396352215285,0.0002977261788723676,-1.9198444871883995,0.4166720426682412,37.58677381866742,31.080769482413952,3321.188,60,-0.010266692297476263,3.5161009415255116
B0006,41,24,1.7502913788006587,3.514139684003936,2.4418858444380294,0.24380262902937214,0.00028841948709357776,-1.908733158939213,0.4405439902279281,38.207044569893476,31.694287817425337,3321.844,59,-0.010360831733786983,3.514449939955066
B0006,42,24,1.7394925037732578,3.509578354212467,2.391848815367812,0.24822681012659126,0.0002880999077806658,-1.90276801874341,0.4523465874192101,38.340431886092745,31.875581783696685,3311.828,58,-0.010489370521918052,3.512582383683522
B0006,43,24,1.7546766553637203,3.5110708693292705,2.3166154227865463,0.2572766067465748,0.0002932798448990961,-1.9093247566511207,0.43888773455084645,38.521539672721865,31.543288143901563,3327.391,57,0.002192638281530887,3.5115963025152244
B0006,44,24,1.7659390941842175,3.5159179315855056,2.4110989960643794,0.24598521855518196,0.0003024533215294469,-1.9306372167933323,0.3913947338973055,38.03707160241571,31.420983409991024,3312.078,56,0.013223295205479884,3.5121890517090812
B0006,45,24,1.7337887419624838,3.50585340727078,2.4510125175432287,0.24431167408297183,0.0002840593892648997,-1.907114151507875,0.4422052936741676,37.934285687720596,31.15837149963786,3293.172,55,-0.010443956700618347,3.510947402728519
B0006,46,24,1.713325912040734,3.5010379345914444,2.471216186082459,0.2435154606775506,0.0002771456879854467,-1.8953541357988335,0.4660772511913581,37.88470784051604,31.15661421699882,3275.328,54,-0.02630659107174121,3.5076030911492437
B0006,47,24,1.7024077813673466,3.497407662636496,2.470968641396993,0.24459591902905917,0.00027451150516009,-1.8892713805954209,0.4777097893062262,38.065368726791895,31.206611383963253,3265.016,53,-0.01569048029756854,3.501433001499573
B0006,48,24,1.82371946178183,3.5388872766749144,2.4288023941361625,0.23098677589569044,0.0003718799370705208,-1.9819359924929794,0.23645151610760437,39.788440481350335,33.61169282822636,3328.937,52,0.05519677487054816,3.5124442913009517
B0006,49,24,1.8081284050314708,3.5327430295356828,2.3551430866643166,0.24180188757564916,0.00035248728052255995,-1.9653277079992455,0.2976263378401198,39.212903178007906,32.85630077141311,3329.266,51,0.05286031183206207,3.5230126562823645
B0006,50,24,1.7757610945034283,3.521214759733266,2.365933525789291,0.2452054406792465,0.00032964401827356374,-1.9470636598230844,0.3489537540343098,38.66937823121345,32.210981559158874,3301.579,50,-0.02397918363920072,3.530948355314621
B0006,51,24,1.7447409841836798,3.5093111439506677,2.3481961394586457,0.248638831497769,0.0003090836415093616,-1.9241628426386395,0.40618903288986047,38.5170065164806,31.965090081650274,3283.563,49,-0.031693710423895495,3.5210896444065387
B0006,52,24,1.729207034132373,3.50716091973708,2.46945948630322,0.24245866501899874,0.0002922216661830565,-1.9124470439353747,0.43177529573802614,38.292505299491516,31.744801840189538,3275.125,48,-0.02327703018552741,3.5125622744736713
B0006,53,24,1.7081086552553244,3.500928918686389,2.4666715880697576,0.24306097840857094,0.0002829456835834761,-1.8950209973545986,0.4667188589869889,38.52091685291118,31.876564068962466,3265.656,47,-0.018316164464177328,3.5058003274580454
B0006,54,24,1.6975954237461768,3.4973019898820894,2.4482931262785135,0.2453760679343642,0.00027767498649840884,-1.8837082435178907,0.48819038959426053,38.95436345473558,32.24289319481841,3266.093,46,-0.015805805193098,3.5017972761018528
B0006,55,24,1.6820634524029463,3.4929038301187156,2.4745215382882586,0.24387936455970977,0.00026865109845373574,-1.8716651994380054,0.508922907014493,38.731363854696035,32.07305565938816,3257.594,45,-0.013022601426188767,3.4970449128957313
B0006,56,24,1.6714768322295086,3.488659224822318,2.469127855241356,0.24489747465620212,0.000265619652640205,-1.8654809345089407,0.5191412899392004,38.74827601131975,32.030140929891196,3248.593,44,-0.01305929575833376,3.4929550149410407
B0006,57,24,1.6607591387047655,3.4822930804774015,2.4177173347922416,0.24894941761288453,0.0002650851261787719,-1.8592903578575999,0.5292867036601664,38.84227056628921,31.984935871368258,3238.766,43,-0.010652156849090435,3.4879520451394783
B0006,58,24,1.651121015038069,3.477575664197982,2.3775131079338427,0.25149169273248084,0.0002617365131996092,-1.848156298789804,0.5476209059238868,39.221381996208315,32.23677365476226,3240.14,42,-0.010177908595719515,3.4828426564992334
B0006,59,24,1.6401349256190927,3.4787436506489255,2.443723814618984,0.24743822906353016,0.00025642708045363707,-1.8415742473538441,0.5572043810030383,39.466510899162515,32.56097148037261,3230.109,41,-0.010312106542836291,3.4795374651081032
B0006,60,24,1.6291999416165441,3.4740152461288862,2.4324278256917147,0.24781476646180828,0.0002517162047632172,-1.8297533943331723,0.5744007772604264,39.352653481724175,32.48984985901219,3229.7810000000027,40,-0.010960536710762319,3.476778186991931
B0006,61,24,1.6088496302961666,3.4718387718772696,2.494085641889116,0.24226020864399292,0.00024437634757311935,-1.8170860697729954,0.59213769752695,39.31890647034385,32.42612199208859,3212.469,39,-0.015642647661462814,3.474865889551694
B0006,62,24,1.6035244898969248,3.463180130644551,2.382347172890769,0.25041818458745746,0.00024541245853210706,-1.8111560774496664,0.6001337686853253,39.47196886600465,32.29984271249387,3213.219,38,-0.012837725859809372,3.469678049550236
B0006,63,24,1.5989712144027983,3.463469391967206,2.406668297987779,0.24879153893443376,0.000245352062745807,-1.8113056300795982,0.600869683312538,39.74009698783903,32.610757585145336,3203.578,37,-0.004939207946684022,3.466162764829676
B0006,64,24,1.5876273123575604,3.46021805164007,2.4204142690378765,0.24872123545615055,0.00023974084749588223,-1.803802475704306,0.609256745218589,39.03600072360686,32.25699351958767,3195.125,36,-0.007948588769682055,3.4622891914172755
B0006,65,24,1.5829719744686166,3.462574876665621,2.4507845245525193,0.24661339893460255,0.0002420531777296899,-1.7982439953659044,0.6170700333090209,39.16106395962828,32.47193402838835,3195.3129999999946,35,-0.00799961996709063,3.4620874400909654
B0006,66,24,1.567137636713563,3.4537077937586056,2.3930328819230717,0.24848682009830836,0.00023667632367992424,-1.7857963808615818,0.6325019447665697,39.20051799483514,32.40219271195366,3186.297,34,-0.010244837821998407,3.458833574021432
B0006,67,24,1.5613446139713882,3.4514035349888337,2.3938995980718403,0.24884801817648583,0.00023567440263327704,-1.7850748194527644,0.6334473857166003,39.15878418316098,32.30987415652578,3176.438,33,-0.010813680248614099,3.4558954018043537
B0006,68,24,1.5511711892790419,3.450781146333252,2.4373294683003053,0.24531300054344063,0.0002317997382880902,-1.7785916660457872,0.6414164907293518,39.18225956809825,32.35440526839345,3167.593,32,-0.007983223717260457,3.45196415836023
B0006,69,24,1.5406741606295171,3.446105572450592,2.3705330061374523,0.249252351248828,0.00023216986319544408,-1.7727874712030285,0.6485964889257356,39.38159156766375,32.4731363791227,3167.719,31,-0.010335226670935218,3.4494300845908925
B0006,70,24,1.5253138744624433,3.4418152533277144,2.351294851260762,0.24876521050750453,0.00022864334449037782,-1.7601807681971697,0.6631565458391762,39.44712875501599,32.52334649341759,3159.077999999994,30,-0.012928657408299125,3.4462339907038526
B0006,71,24,1.5301570318067428,3.445008015985666,2.436845595522602,0.24479137176910862,0.0002270459652139911,-1.7653027883569699,0.6571846357909039,39.40950590627068,32.518264823491045,3148.829,29,-0.005258564411386957,3.4443096139213245
B0006,72,24,1.5246566834474087,3.441164687975023,2.39030487147494,0.2475013732087286,0.00022613637683693548,-1.7593486488770236,0.6641591087376718,39.48443326993031,32.5437072434024,3149.094,28,-0.00032859550751704883,3.4426626524294677
B0006,73,24,1.5145492986655427,3.443620591429828,2.4892160721496315,0.2406026011996967,0.00022124530289852895,-1.7526167898737661,0.6716629492050046,39.4416762582387,32.562223096007365,3140.547,27,-0.007803866570599886,3.4432644317968393
B0006,74,24,1.509391504602082,3.439943269617906,2.450611393803655,0.24316998214821461,0.00022197192072251443,-1.7516949849801624,0.6726373836789596,39.53866201326228,32.58978020040808,3131.625,26,-0.007632589422663155,3.4415761830075855
B0006,75,24,1.5039974333050705,3.43602719305159,2.4111946043456745,0.24559891719465526,0.00022268739248759457,-1.7510429704034998,0.6733747307759468,39.5867547936938,32.57089563557426,3121.907,25,-0.0052759326802359575,3.4398636846997745
B0006,76,24,1.4935201918040188,3.436309312279291,2.4609139768640715,0.2415711613630848,0.00021780846918596674,-1.7388746112390865,0.6864768027433327,39.499752884420865,32.537854347094196,3122.125,24,-0.007935656399031507,3.437426591649596
B0006,77,24,1.4876323024497422,3.430470227771154,2.378420264362521,0.24728531582711172,0.0002164448956727686,-1.738622547139575,0.6863796794736801,39.9686395722832,32.65645090520509,3121.672,23,-0.008182565427664015,3.4342689110340117
B0006,78,24,1.5302876214401704,3.4417311090871063,2.3844697219937414,0.25068575483973593,0.00023349059115326449,-1.7870762809520677,0.6310954422556229,40.42668250871336,33.180785234653264,3120.86,22,0.01838371481807588,3.436170216379184
B0006,79,24,1.5040760088360112,3.4355429213552537,2.448639661640692,0.24384503322302606,0.00022077084441426102,-1.7612682208672186,0.6615169962236325,40.02451449021777,32.71220835503141,3103.828,21,0.008221853193134787,3.435914752737838
B0006,80,24,1.4887593608730894,3.4272336842373576,2.362869757217078,0.24872769369277464,0.00022157148404722428,-1.7545532300777185,0.6692392427565726,40.02167483360719,32.543943889007906,3095.094,20,-0.020764130283540343,3.434835904893239
B0006,81,24,1.4782779285546637,3.4307536518687556,2.479712742728869,0.23981868986409427,0.00021425789054330187,-1.7364250156958492,0.6892528926488453,40.078211781584145,32.6655410721976,3095.781,19,-0.012899040140673645,3.431176752487122
B0006,82,24,1.478459982215684,3.430880434209888,2.4609902569842412,0.2412584602938845,0.00021599348690221933,-1.7371686757879778,0.6891473173604608,40.565789328351094,33.160922870564626,3094.328,18,-0.005149689328702464,3.429622590105334
B0006,83,24,1.473214844899973,3.431984614031654,2.4794507375590507,0.2403918787539756,0.00021546959584292142,-1.7358183569582517,0.6899134259363504,40.75221353269305,33.414445545408455,3086.531,17,-0.0025315418273450774,3.4312062333700992
B0006,84,24,1.4675164935067897,3.426913589626702,2.421513989921717,0.24353313719762423,0.00021502506423921506,-1.7297302660430056,0.696447397100997,40.71162611325717,33.3541679486525,3085.625,16,-0.005471744354447053,3.4299262126227483
B0006,85,24,1.4516292657521335,3.4220422356705154,2.3927989623544175,0.24505211094966728,0.00021478523028740974,-1.7278671098991139,0.698121088593313,40.58721297402195,33.13634596100404,3067.203,15,-0.010792789573919593,3.4269801464429572
B0006,86,24,1.4519237720967177,3.4202687142856667,2.410475236770924,0.2445224118963859,0.00021289879221994163,-1.7269073147637581,0.6989995507446921,40.37035790264624,32.92241762841388,3058.157,14,-0.007796360705035755,3.423074846527628
B0006,87,24,1.4471484694777745,3.4248208106770663,2.4915333699239977,0.23871895764328246,0.00020982030240327033,-1.7211995934038338,0.705261585612315,40.667923693760464,33.20338483123576,3058.812,13,-0.0022403981371793254,3.422377253544416
B0006,88,24,1.4468538105659885,3.4234990883192666,2.444861994529003,0.24156011251597115,0.00021152059193292667,-1.721141114732718,0.70520381156388,40.990356883952465,33.533950654066935,3058.578,12,-0.002534980765364282,3.4228628710939994
B0006,89,24,1.4416741930284678,3.4247420964314874,2.4840755398082255,0.2394044963910197,0.00020998128219015507,-1.7200547727480755,0.7063056423778308,40.997744028174516,33.5767934055627,3049.328,11,-0.0027371382246532392,3.42435399847594
B0006,90,24,1.5935866593100128,3.450702139255875,2.479017302613424,0.24986811906504275,0.0002264264692435561,-1.8210481343824243,0.5870046814200932,40.77265883698999,33.224088400657315,3177.219,10,0.07336642437201223,3.4329811080022097
B0006,91,24,1.5463902376915637,3.4480475429907522,2.4820670710190385,0.24289182353294878,0.00023732756182076869,-1.821445703423604,0.5868021780918599,40.522204934304625,33.37083344726966,3082.937,9,0.05235802233154802,3.441163926226038
B0006,92,24,1.51470559175661,3.4399481891896455,2.452449045714353,0.24242933169344988,0.00022581700914310832,-1.7899159936953069,0.6278130340643914,40.57746834859555,33.43366634309322,3074.266,8,-0.03944053377670122,3.4462326238120915
B0006,93,24,1.4989786083335404,3.434112914501242,2.4198491932573414,0.24449013265629163,0.00022284139070668355,-1.7769345930773324,0.6433896249887968,40.516963879873735,33.28676739403043,3066.0,7,-0.02370581467901162,3.4407028822272134
B0006,94,24,1.4831110745410492,3.4325600940363916,2.4706823501191706,0.24110307279068668,0.00021749149557563738,-1.7640032117743045,0.6586649159229433,40.34325381638243,33.14347737377552,3056.437,6,-0.015797258607780303,3.4355403992424267
B0006,95,24,1.4729664825468278,3.4270614887575657,2.413759774558071,0.24425389866866307,0.0002171673489001703,-1.7571701008871028,0.666669840838828,40.39341126895154,33.11021541795579,3048.219,5,-0.013006062893356167,3.4312448324317333
B0006,96,24,1.4627604396099307,3.427340316812041,2.4562499847243027,0.24148071569208399,0.00021438655688060866,-1.7502670210777267,0.6742901923854049,40.46341487442664,33.18991802149879,3039.218,4,-0.010175317465558987,3.428987299868666
B0006,97,24,1.4518364681062514,3.423482197888437,2.401794655879554,0.24464245573487717,0.00021408139990916164,-1.7439614243216512,0.6811805311767779,40.5818264138806,33.26265398635676,3039.047,3,-0.010565007220288133,3.425961334486015
B0006,98,24,1.4468670644030392,3.4220957701069374,2.4087687236133313,0.243681234330419,0.00021206368071603675,-1.736850855663561,0.6887151482292208,40.61670777074496,33.299978841087025,3030.375,2,-0.007946687603445513,3.424306094935805
B0006,99,24,1.441380399427779,3.421883545422636,2.4308118485818704,0.24249235318123782,0.00021107252972537142,-1.7360045229798653,0.6896541510589468,40.631647661681036,33.31663547841367,3021.0,1,-0.005228034339236141,3.422487171139337
B0006,100,24,1.431210744960774,3.4195777411151886,2.398886415333129,0.24428631492877723,0.0002099416435456663,-1.729690117077797,0.6962675710854851,40.74323383889164,33.39150630507064,3021.75,0,-0.00782815972113253,3.421185685548254
B0006,101,24,1.4260247179525716,3.4175281789596474,2.3814379490849835,0.24533925383722666,0.00021003042354919292,-1.7287954627467013,0.697047878700166,40.81715493531611,33.41522427488497,3012.265,0,-0.007677840737603594,3.4196631551658236
B0006,102,24,1.420487649966195,3.4197860540725715,2.459885297095542,0.24035187594624083,0.000206251652791492,-1.7216729981632184,0.7045973768027333,40.72877617289365,33.39690850726103,3002.641,0,-0.005361547497289435,3.418963991382469
B0006,103,24,1.4207006230355006,3.4171369298988705,2.4007285025453995,0.24069187953555218,0.00020360707339455692,-1.7228162229694663,0.703674489345141,41.45494452672042,33.73731993653,3012.0,0,-0.0026620474585352773,3.418150387643696
B0006,104,24,1.452255804330839,3.4305347141293625,2.472830716079143,0.23954452760941822,0.00021424519409055985,-1.7486639022205694,0.6766364586222329,41.39678877103747,34.08965316576344,3020.11,0,0.01588407718232225,3.4224858993669347
B0006,105,24,1.431557632772571,3.4250844180972875,2.467318928642863,0.23920169814767764,0.0002078546826398466,-1.7345160724760178,0.6914329019224659,41.36669473718026,33.9987286593769,3002.172000000006,0,0.005428504868535347,3.4242520207085065
B0006,106,24,1.415015751158943,3.4171339862792935,2.3692462667540997,0.24475701426966365,0.000208354830788468,-1.7271570233190525,0.6989258053585963,41.37787352037061,33.907397114007345,2992.703,0,-0.01862002658594779,3.4242510395019816
B0006,107,24,1.4097311506517451,3.417521467040602,2.4482618595124874,0.2408080362142482,0.00020760463673751565,-1.7305179027385762,0.6950775843262647,41.140956091698214,33.70518417605219,2964.468,0,-0.010913241060412715,3.419913290472394
B0006,108,24,1.404917318129309,3.4181623236680356,2.4598632768748825,0.23985452319305442,0.00020274246673289417,-1.7141443638380731,0.712645847764213,41.2168813199875,33.7458832944166,2983.375,0,-0.005049216514816742,3.417605925662644
B0006,109,24,1.395164296571563,3.420331935905118,2.497869764845928,0.23666693145105858,0.00020075327482333772,-1.7067823273466607,0.7197036155373028,41.40391881889191,34.01657212624259,2975.297,0,-0.007283427040090976,3.418671908871252
B0006,110,24,1.3945343832614077,3.4192916311692465,2.472236707252471,0.2390286773610217,0.00020120274511522014,-1.7063596521950202,0.7197068332356091,41.586571331198584,34.175023374593785,2974.9850000000006,0,-0.0051914674339505066,3.4192619635808
B0006,111,24,1.3893171179312644,3.414352330355796,2.4278749904763077,0.24221175414346538,0.0002012063782700286,-1.7052696591517462,0.7206903789128402,41.43504077863728,33.976109677640174,2966.25,0,-0.0029235893201490777,3.4179919658100535
B0006,112,24,1.3838379472327809,3.412701167144591,2.4275905200235055,0.24220504327165968,0.0002007191608521149,-1.7046265574439607,0.7213952667094184,41.37436880579148,33.84150372451663,2956.359,0,-0.005348218014313254,3.4154483762232117
B0006,113,24,1.3736814238195123,3.410409522809144,2.37337869163978,0.24435718343921012,0.00020060690078326258,-1.6985503106996724,0.7278602667366414,41.66477948989921,34.1008464215818,2956.344,0,-0.007817847055875893,3.41248767343651
B0006,114,24,1.3786059891863676,3.414419320260644,2.4248604132549767,0.24176595846391638,0.00019957797182944018,-1.6982347588599789,0.7275938938122148,41.81816829502593,34.34663683304219,2956.406,0,-0.002615979023206592,3.4125100034047926
B0006,115,24,1.3737600299108574,3.4131710032395315,2.426962848243194,0.24223055603174873,0.00019895423622331662,-1.6971165805711328,0.7286470501073794,41.686647000781186,34.216231530637586,2947.266,0,3.93030456725709e-05,3.41266661543644
B0006,116,24,1.3682580583942712,3.4107019261975147,2.417287750352038,0.24315982041013035,0.0001981546042677894,-1.6959199401004303,0.7299387135336083,41.565382893773936,34.041617020161176,2937.984,0,-0.005173965396048145,3.412764083232563
B0006,117,24,1.3633024037317505,3.4089059214760367,2.4185087281747166,0.24335348175106358,0.00019737973522518246,-1.6953163120957457,0.7307162124593425,41.46394809540406,33.890212870710734,2929.125,0,-0.005228813089553356,3.4109262836376946
B0006,118,24,1.3580966140172601,3.4134080258317576,2.480937393224248,0.23910918351075655,0.00019494600289884817,-1.6890383512433216,0.7365985147966571,41.6123634180086,34.116762412437,2928.454,0,-0.005080722188505331,3.4110052911684363
B0006,119,24,1.353269090999531,3.411221044859532,2.4078214169511205,0.24277811004383898,0.00019653537422365298,-1.689240311218937,0.7366705561751957,42.0075404495327,34.490493589415046,2929.375,0,-0.005016656366109612,3.4111783307224424
B0006,120,24,1.3841605738237488,3.4155210852213678,2.433234589649132,0.23720200532883332,0.00019369472687203208,-1.7102007614808157,0.7162819617972487,41.61679232360952,34.23744800906639,2946.031,0,0.013031979903244574,3.413383385304219
B0006,121,24,1.4051467790651473,3.4229838362549794,2.440822893388958,0.24143941002028121,0.00020428489293346369,-1.730244918610445,0.6962615132210175,41.80245062827161,34.41428886050454,2955.438,0,0.025938844032808175,3.41657532211196
B0006,122,24,1.378719022627353,3.414757022019347,2.396078253891397,0.24413784898440827,0.00019844765436640398,-1.7152465923901479,0.7110232265703329,41.653004783464006,34.16445180476378,2937.625,0,-0.00272077559819787,3.4177539811652315
B0006,123,24,1.3682657783199066,3.41435871627236,2.449306948268824,0.24152323402005177,0.00019414567425873669,-1.7013404928191733,0.7245002916787043,41.36061809844917,33.877146811272176,2929.078,0,-0.018440500372620038,3.417366524848896
B0006,124,24,1.3573151296618016,3.4091886698418046,2.384185417166802,0.2460496736273354,0.000195223789641466,-1.7004366132157598,0.7253678587355785,41.42815616511055,33.839566254190565,2918.375,0,-0.0107019464827755,3.412768136044504
B0006,125,24,1.3524934638801596,3.411930366643558,2.4440756213040964,0.24258968522569255,0.00019151697546149028,-1.6873533635265776,0.7373003664947759,41.343265645039,33.818304796930946,2919.812,0,-0.007886157219873234,3.4118259175859076
B0006,126,24,1.3474099151661236,3.4094417183837504,2.4296014294774673,0.24390756219118898,0.00019302485451779195,-1.6919294969110734,0.7335386849531479,41.38118673567723,33.812621135472135,2900.422,0,-0.0049526072478388965,3.4101869182897047
B0006,127,24,1.3370075130842318,3.4081896097479882,2.41022288115442,0.24531767840677798,0.00019155953552805254,-1.6852952939579415,0.7395261452441036,41.378450473707446,33.79894614410012,2901.375,0,-0.0077429753979637965,3.4098538982584325
B0006,128,24,1.3312352966718526,3.40737851449911,2.4098927032454966,0.24580906151652474,0.00019004269790792846,-1.6787428835073943,0.7454352436652836,41.306600641009794,33.702723745621576,2901.187,0,-0.00808730924713521,3.408336614210283
B0006,129,24,1.3259303781727643,3.4085862639015,2.453938411405305,0.24308656517101032,0.0001877763772984646,-1.6712137513430336,0.7521771809630792,41.204081036719124,33.63562651984647,2891.64,0,-0.005538567455733581,3.4080514627161995
B0006,130,24,1.321578743867529,3.404843616147767,2.3940396792395253,0.2473025976222259,0.00018999716270429529,-1.6768931248947176,0.7474282095747105,41.32955629442644,33.690724061796516,2882.906,0,-0.004828276402161615,3.406936131516126
B0006,131,24,1.321225074066109,3.4081057374178703,2.45134737470238,0.24422108333220258,0.00018764533240539665,-1.6701186583642826,0.7532835002669596,41.300370296451625,33.71317033815572,2883.265,0,-0.0023526520533277227,3.4071785391557126
B0006,132,24,1.3156485301862682,3.4091728540380735,2.475014603796582,0.24340486418659887,0.00018583277595023243,-1.6634753413292604,0.7589708333972093,41.243646229563595,33.65376593260611,2882.969,0,-0.0029651068406302944,3.407374069201237
B0006,133,24,1.3209025697502388,3.4110817622184233,2.4569179775419294,0.24099639163604958,0.00018177491410237604,-1.6645875549232958,0.7579357799006134,41.36464929786556,33.983578066068176,2891.656,0,-0.00016125215793484673,3.4094534512247887
B0006,134,24,1.3474328767273906,3.4167486246717154,2.438240626221148,0.2445794002146044,0.00019302625737153755,-1.6918384605140158,0.7334467668216439,40.89285784811417,33.816348135475515,2901.25,0,0.015892173270561406,3.4123344136427374
B0006,135,24,1.3260128072353616,3.4169689184247174,2.4946397780995584,0.2418829111188869,0.00018763818310533686,-1.6711981411684529,0.7523130560666373,40.652964511118334,33.60692030225909,2891.703,0,0.002555118742561464,3.4149331017716187
B0006,136,24,1.3101186784831063,3.4105763913818787,2.4367455144223555,0.24570660921197612,0.00018535389908696327,-1.6632769410531225,0.7590269335533172,40.58410707337388,33.47350597721994,2883.016,0,-0.01865709912214205,3.414764644826104
B0006,137,24,1.30521620229393,3.4113335283009314,2.4858689968085326,0.243669978984679,0.00018357089350305947,-1.6559085740676296,0.7654957106646719,40.322783635307104,33.209178727620106,2873.453,0,-0.010398302470715786,3.4129596127025095
B0006,138,24,1.3004061951355774,3.4081283345557187,2.3957550201907916,0.24822787297973212,0.00018484875659409642,-1.6561009220603313,0.7655069350374726,40.78032921971219,33.58088963686094,2874.031,0,-0.004856241673764303,3.410012751412843
B0006,139,24,1.300235735841116,3.4125732422699135,2.4504684570147006,0.2452230312011813,0.00018338714931781996,-1.6493259508429792,0.7709658700007178,40.85731522464202,33.76400861956033,2874.234,0,-0.002490233226406853,3.410678368375521
B0006,140,24,1.2895066722480755,3.407693686560286,2.3942028718004007,0.24934296653021504,0.00018355500489075624,-1.6481131076816375,0.7718560566678059,40.74860220857894,33.57003564415372,2864.984,0,-0.005449761443750974,3.409465087795306
B0006,141,24,1.279253057384795,3.4073499608041957,2.4303844034459368,0.24821460129448178,0.00018175561021971357,-1.6402541382604887,0.778065034301414,40.472276230208436,33.272050895552354,2855.093,0,-0.010491339228160567,3.409205629878132
B0006,142,24,1.2792078171714618,3.409292163767801,2.4755630989048205,0.24659016011849222,0.00018037778879264802,-1.6339151095418003,0.7837204519359695,40.28187574900838,33.12740933210319,2855.625,0,-0.005149427538306551,3.408111937044094
B0006,143,24,1.274036760902923,3.4095492354804775,2.446712151873903,0.24758339650785938,0.0001809493151695901,-1.6340244573659812,0.7838316988955946,40.637565231244686,33.439116773449626,2855.594,0,-0.0026081482409356987,3.408730453350825
B0006,144,24,1.2741273923001468,3.410318915287339,2.4607112018206894,0.24739801801109818,0.00018070997333963183,-1.632488007933941,0.7848803525722242,40.64243349478575,33.482874768414376,2847.437,0,-0.002540212435657356,3.409720104845206
B0006,145,24,1.2637639426440779,3.409269478846637,2.4619788522973796,0.24810226825514498,0.00017828746696351637,-1.6192610042624402,0.7951183753696195,40.38713367022122,33.22136307064441,2847.36,0,-0.005136409129422394,3.4097125432048174
B0006,146,24,1.2581373688955233,3.4094374435069095,2.4999079970509284,0.24744012771914206,0.00017820319113239085,-1.6178242977824624,0.796212152834948,40.15316398972329,32.98562738901426,2837.328,0,-0.007995011702311547,3.4096752792136287
B0006,147,24,1.253259864055301,3.403885091976961,2.4061574188511727,0.2532123266842987,0.00017916270623880113,-1.6181015728870058,0.7959104627910828,40.26211669866818,32.970182781539556,2837.281,0,-0.005252039294388369,3.4075306714435025
B0006,148,24,1.2532313315493426,3.4065929107527846,2.40921365026611,0.25263202324107764,0.000179368859572936,-1.6180985297864203,0.7962214097717415,40.65437976632703,33.31018716138479,2838.515,0,-0.0024530186730902545,3.406638482078885
B0006,149,24,1.2480874960313577,3.4095930016592684,2.4705399687343235,0.24908472229042342,0.0001778573011010711,-1.6103535053387172,0.8022686918286582,40.41021687551566,33.23406652671602,2828.328,0,-0.0025861840119714564,3.406690334796338
B0006,150,24,1.2534354284944844,3.409409922814414,2.4996841687041944,0.24501536673331065,0.0001710528928745672,-1.611644410040853,0.8010853524879897,40.49521984011741,33.117656712920734,2838.265,0,0.00010204847257102521,3.4085319450754894
B0006,151,24,1.2898048773266901,3.4195489282896943,2.4839695531514434,0.2466700164316275,0.0001826516764726416,-1.6420364978388977,0.7774199520441293,41.357879741754175,33.78417036686004,2864.547,0,0.02085869064766643,3.4128506175877917
B0006,152,24,1.2635402021758835,3.4151799904187996,2.4675402264113453,0.24807422285760142,0.00017817121828258946,-1.6194806393973795,0.7950525227865529,41.37902988743146,33.806439563441614,2846.39,0,0.005052386840699743,3.4147129471743027
B0006,153,24,1.2479761706842853,3.4154594925159083,2.4946438160388325,0.2480617016753451,0.00017680517904420656,-1.6048643562670923,0.8060358618163398,41.20920760771975,33.63735785291911,2837.969,0,-0.020914353321202245,3.416729470408134
B0006,154,24,1.2321202877943334,3.4130336456755868,2.4577382116375843,0.2513379562071556,0.00017569268061943407,-1.5916400783224371,0.8158903428123628,41.20630554355683,33.58195933847606,2838.156,0,-0.01570995719077494,3.4145577095367643
B0006,155,24,1.2271137666213534,3.4094524356574096,2.40986495422137,0.25541755590484166,0.00017634632769258004,-1.5901105081883435,0.81704386414875,41.28239317323536,33.56245583951572,2829.843,0,-0.010431202031465959,3.4126485246163014
B0006,156,24,1.2217397581377356,3.4138496008165014,2.479418189447868,0.2521876111582164,0.00017468998298774522,-1.5767754479909835,0.8262753136633273,41.1595683576961,33.5111267532655,2829.625,0,-0.005190264828298822,3.4121118940498327
B0006,157,24,1.211102678915174,3.410900672125043,2.434585389303289,0.2554146162892581,0.00017512352148097557,-1.575262673173442,0.8272958161026505,41.230427315370186,33.53675907012135,2819.437,0,-0.008005543853089539,3.4114009028663177
B0006,158,24,1.2056159765131735,3.4105744140130074,2.425682710641569,0.25698194109584227,0.00017471154652391955,-1.5684640005188113,0.8317378025292568,41.21487873613708,33.49803069556778,2819.579,0,-0.008061890812281031,3.4117748956515173
B0006,159,24,1.2008936262717274,3.4096514247359915,2.417924401749313,0.25819731705646964,0.00017522288805095522,-1.5671286757845893,0.8329428153403723,41.27439823262361,33.516977262709986,2810.672,0,-0.00510452632172322,3.4103755036246803
B0006,160,24,1.1905903985558335,3.4128578373442537,2.4541577949851603,0.2562295547306426,0.00017352890772616468,-1.5537993411647462,0.8418998631531451,41.237668013317766,33.531923269271225,2811.485,0,-0.007512788978670086,3.411027892031084
B0006,161,24,1.185179251041941,3.413450901705652,2.463616101176541,0.25633972565262325,0.00017411498658102343,-1.5521827524962775,0.8426741525725665,41.24068073261839,33.567636169584304,2802.422,0,-0.00785718761489308,3.411986721261966
B0006,162,24,1.1796706818144624,3.414388187503409,2.470375229475307,0.2568441721022827,0.0001740086669987083,-1.5452652929126827,0.8470345896109175,41.28133907077437,33.60493096509702,2801.625,0,-0.005459858370685431,3.4135656421844387
B0006,163,24,1.1745952836753915,3.412419038813061,2.4357634426689945,0.25993777730028017,0.00017351301932997038,-1.538651770825325,0.8513560117080599,41.28338645880181,33.54281440778599,2802.031,0,-0.005291983683274523,3.413419376007374
B0006,164,24,1.15381833159625,3.4148103057455175,2.481190011798763,0.25676219132624173,0.00016946320383185516,-1.5169723774339863,0.8647472127992183,41.149193043289586,33.472459360982775,2793.39,0,-0.012926175109105965,3.413872510687329
B0006,165,24,1.1644009557372264,3.4166177332601,2.491537251958465,0.25786885910619006,0.00017294901225740423,-1.5238501013926742,0.8603890556014289,41.26268252018065,33.58210389885497,2793.39,0,-0.0050971639690824445,3.414615692606226
B0006,166,24,1.1587974947916069,3.4121341541171764,2.40904100737121,0.26372718676135337,0.00017349536905251163,-1.523792814686802,0.8604329777233659,41.45791806300034,33.6634605108384,2792.485,0,0.0024895815976785233,3.414520731040932
B0006,167,24,1.1749748834769171,3.419700177568569,2.475767645530351,0.2529109631298057,0.0001657683391735083,-1.5391310859398721,0.8511924609455338,41.11666214070682,33.730546074122294,2802.016,0,0.005286963869845395,3.4161506883152817
B0006,168,24,1.1856752327929356,3.4234687742187893,2.4160441724133666,0.2619158664193414,0.0001761112984069822,-1.5426703969635054,0.8495522069665737,41.36263766174168,33.8912822372509,2820.39,0,0.013438869000664383,3.418434368634845
B0007,3,24,1.8806626717011388,3.5344025220217845,2.0251085128182655,0.28372654574505013,0.0003108231414357832,-1.877784734502072,0.4584167741596034,40.27558633997852,32.68511456550919,3651.641,144,-0.005194811844825258,3.5294527562827045
B0007,4,24,1.8807709009833444,3.53492504932652,1.922542180649595,0.29008702878464626,0.0003190143865299983,-1.8875256535871228,0.43922371626617773,40.29314715799111,32.554748499572646,3631.563,143,6.693664824296119e-05,3.5337588715933386
B0007,5,24,1.8794508728285058,3.534536640068787,1.8711590450649882,0.29220641599968367,0.0003183362613826469,-1.8871559747738404,0.439454184988277,40.268872630219796,32.46787845303298,3629.172,142,-0.0006058994363161045,3.5346214038056973
B0007,6,24,1.8807003517117404,3.5411626672196816,2.1756867065903434,0.26674308476358344,0.0002942038156008302,-1.8675154082122565,0.47752624091693197,39.67620802332074,32.48624734055599,3652.281,141,-3.5274635801805743e-05,3.536874785538329
B0007,7,24,1.8799352523566075,3.541165612176161,2.1117887156019437,0.27118633921124835,0.00029563414607042146,-1.8673304059806155,0.4774906738400573,39.803817662926164,32.55779966353037,3650.828,140,0.00024218976405129765,3.5389549731548766
B0007,8,24,1.8815088124038797,3.5494581176357975,2.026250619894166,0.27297824294152273,0.0003221236720080017,-1.9063154499484403,0.3979115030496563,39.88810476942348,32.45374435641106,3572.453,139,0.0004042303460697229,3.5439287990105472
B0007,9,24,1.8696907870385844,3.5502805464079743,1.9505894332906037,0.2771296154486181,0.0003329097696089504,-1.9164259300038171,0.37443743546277825,39.95162250671474,32.373246444985035,3550.594,138,-0.005122232659011143,3.546968092073311
B0007,10,24,1.870052380139199,3.5481347674910286,1.8688247067658061,0.283812978267983,0.00033604447148064795,-1.9165016044519978,0.3742086617157418,40.052021854718284,32.30534276235138,3551.25,137,-0.005728216132340034,3.549291143844933
B0007,11,24,1.8700442394188577,3.5484272148956437,1.7896213776724978,0.28889633724718083,0.00034903670042675495,-1.926771167846017,0.3483926910622938,40.1213838436794,32.183319483399806,3530.25,136,0.00017672619013692328,3.5489475095982157
B0007,12,24,1.8596518987766364,3.5560433603714667,1.910336108594535,0.27604177175304995,0.0003553686396728103,-1.936979366983281,0.3204322222158979,40.174657039770814,32.378853181816005,3491.016,135,-0.005200240681281185,3.5508684475860464
B0007,13,24,1.8590746560862206,3.5604849642800684,1.9086884059809102,0.2717170193494012,0.0003752073999536491,-1.947065774665518,0.2882487625048244,40.016434730174936,32.2913249500013,3470.281,134,-0.005484791666318409,3.55498517984906
B0007,14,24,1.8590084577709232,3.5562872542469752,1.7868782934275431,0.2826191895837473,0.0003809691712574413,-1.946961601670498,0.2883646179237529,40.16569230743226,32.14782797344657,3470.0,133,-0.00032172050285657523,3.55760519296617
B0007,15,24,1.8593622586957048,3.5647746218187324,2.1361343961784502,0.2549992595793087,0.0003623523019502204,-1.946851050742258,0.28894202027233323,39.46139677634257,32.01380948237792,3450.297,132,0.00014380130474230053,3.560515613448592
B0007,16,24,1.8587355450601035,3.565438928797127,2.0133501283179167,0.2598113371383103,0.00040276087201642706,-1.9574063719005568,0.25171076392728675,39.5636595172155,31.881310103471357,3429.407,131,-0.0001364563554095585,3.5621669349542784
B0007,17,24,1.847817291322145,3.565961679108638,1.8575547668336483,0.26669381029351313,0.0006866839111658896,-1.9680136940585706,0.20658857155432495,39.628948319501816,31.854304304240515,3409.484,130,-0.005772483686779885,3.565391743241499
B0007,18,24,1.8485252916137047,3.572496559005355,2.1657556124208934,0.2443446202400194,0.0005995600591913051,-1.9680499927642312,0.20727562782238032,39.225347214914876,31.856555404576753,3390.422,129,-0.005105126723199294,3.5679657223037062
B0007,19,24,1.848378951850034,3.5699492020415136,2.0270686341513207,0.25329366708168694,0.0006403814332880993,-1.9680218912213907,0.20716884485636725,39.4126321606434,31.867182607083926,3390.281,128,0.00028083026394441193,3.569469146718502
B0007,20,24,1.8807805437609766,3.5464338449590023,1.905311669649934,0.2870418502164071,0.0003356462437823736,-1.9066656790606797,0.3970264906393026,39.95874037686836,32.35216872128999,3591.734,127,0.01612762607363611,3.562959868668624
B0007,21,24,1.8814721597443598,3.5531968089006387,1.7951975189442124,0.28839720112764217,0.0003581495365701594,-1.9267118604677658,0.34743557997528324,40.31302300333008,32.60219299451182,3552.297,126,0.01654660394716326,3.5565266186337183
B0007,22,24,1.8810954313244785,3.5599340214678805,2.1058524852518143,0.262396085205122,0.0003429768683190575,-1.9260915660103672,0.3484920989459363,39.359447242364645,32.19571819720114,3531.578,125,0.00015744378175104604,3.553188225109174
B0007,23,24,1.8710089649779995,3.5595604968237993,1.846021007590992,0.2755055664428783,0.0003819793013982648,-1.9468340181835688,0.28754259789672953,39.454159451189874,31.805988160181123,3492.907,124,-0.005231597383179636,3.5575637757307725
B0007,24,24,1.8701995151941375,3.552385161941813,1.7370300333706354,0.28817671720490146,0.00036527838031980405,-1.9364196896718646,0.31982012695944373,39.641748274009444,31.737001978644926,3511.594,123,-0.005447958065170203,3.557293226744498
B0007,25,24,1.8706715362800985,3.5707670304281067,2.0506492642329937,0.2505087558173121,0.000625443005439553,-1.9675984733558025,0.20616966472270115,38.86906912217273,31.51707667966367,3431.9370000000054,122,-0.00016871434895018538,3.5609042297312397
B0007,26,24,1.8596124644020169,3.5657224847439295,1.8254369744762284,0.26724293226716145,0.0006910308742244964,-1.9680130544442065,0.20601669067896197,39.11839966443177,31.442860781038384,3431.125,121,-0.005293525396060187,3.5629582257046164
B0007,27,24,1.860033909718346,3.5712835067487094,2.134879000684994,0.24546299726358747,0.0006042397381864692,-1.9675572757550353,0.2067971048262254,38.68010761281634,31.32326275303232,3412.406,120,-0.005318813280875829,3.5692576739735817
B0007,28,24,1.8591653109160768,3.5679716274891398,1.970455493406623,0.256383090128758,0.0006527238947951593,-1.967618505240168,0.20657115133389814,38.863045678198645,31.28571570579735,3410.688,119,-0.0002235767429697889,3.5683258729939262
B0007,29,24,1.8481398178778288,3.5646314038791784,1.8132694309760007,0.2688392479727567,0.000698917205227169,-1.9678214300979182,0.20655645682563994,39.14531169811219,31.331850868998004,3410.718,118,-0.00594704592025862,3.5679621793723424
B0007,30,24,1.849201702126164,3.568983888921194,2.0483657324095637,0.2510097241436422,0.0006330310500141103,-1.9675056354779956,0.2070579900700325,38.8380564174779,31.32285733932258,3392.719,117,-0.004981804394956543,3.5671956400965037
B0007,31,24,1.8834677437950846,3.564620688944316,2.181560983985832,0.24235648397605905,0.00038133302557176154,-1.9683447778186904,0.20521217145448947,38.95965174080089,31.608436452122476,3470.672,116,0.01766396295862814,3.5660786605815624
B0007,32,24,1.8628211117905844,3.5694388142217837,2.1177799354077496,0.23904274000018072,0.0006108205075567513,-1.9788067754387157,0.14698688650583963,39.053875772291974,31.782101501165204,3414.109,115,0.006809704832210268,3.5676811306957643
B0007,33,24,1.852085039652352,3.568742147335628,2.1637448793153697,0.2361226467707183,0.000600582952245016,-1.9785908218423578,0.14711734266167353,38.699551697978606,31.515041989202878,3395.219,114,-0.015691352071366228,3.5676005501672425
B0007,34,24,1.8469504648208708,3.5642424070467817,2.0456561472058055,0.2435637592164921,0.0006370627019095122,-1.9784335668087778,0.1472609174758871,38.6052414906155,31.13866351339678,3386.0,113,-0.007935323484856167,3.567474456201398
B0007,35,24,1.836828431169018,3.5653038098527605,2.1356202266992863,0.2380524119042055,0.0006136469162934399,-1.9781601679702336,0.14777650141295554,38.42604747702835,31.068710515588776,3368.187,112,-0.0076283042416668,3.5660961214117237
B0007,36,24,1.8371619619672275,3.565432167703823,2.042987153745025,0.24360198231062685,0.0006411168181300453,-1.9783765899690637,0.14769064609715238,39.0468968949422,31.618244836823447,3368.266,111,-0.00489425142682139,3.564992794867788
B0007,37,24,1.8316722583718854,3.5622303163451425,1.9786162394118947,0.24837093630083507,0.0006621866647451126,-1.9780771457931066,0.14807220716513025,38.836764958613884,31.331528063668397,3358.719,110,-0.002578086398566097,3.564322097967242
B0007,38,24,1.8211470951317783,3.564481026852489,2.15845357648832,0.23693822731644562,0.0006122384773829386,-1.9780971417908424,0.14843712211776988,38.49981470604549,31.132569191182142,3339.5,109,-0.008007433417724365,3.5640478369671516
B0007,39,24,1.816506091511515,3.561614556780574,2.092603698932653,0.24121089374904708,0.0006334212945138702,-1.977978349880126,0.1485468782929041,38.582340147970775,30.972969676157927,3331.265,108,-0.007583083430184928,3.562775299992735
B0007,40,24,1.8113815601504555,3.5630587459190144,2.1528886431678034,0.2377592209805917,0.0006171568919173053,-1.9784334957218421,0.14869563071084269,38.787499833494046,31.1990648511682,3321.188,107,-0.004882767490661245,3.563051443184026
B0007,41,24,1.8116056333939583,3.5629534367704405,2.0537418826405966,0.24427062964618607,0.0006470181056729656,-1.9782873833989176,0.14888480509231408,39.31221126031847,31.722267598269813,3321.844,106,-0.0024502290587781095,3.56254224649001
B0007,42,24,1.8060548955557403,3.563446012076242,2.0793300586339956,0.24292877825753523,0.0006411197030297308,-1.9781961432676651,0.148965936617679,39.40567993360536,31.900827580605675,3311.828,105,-0.002663332297357372,3.563152731588566
B0007,43,24,1.8132041826994056,3.563998342345823,2.0759793304520757,0.25327029403423074,0.0006371794795265611,-1.9670969462670498,0.2090627886753873,39.32802757827611,31.5372402498617,3327.391,104,0.0007992746527238105,3.563465930397502
B0007,44,24,1.8062641938283535,3.5604902283110547,2.0674349483094465,0.24529230432510515,0.0006451721591659327,-1.9781214643703728,0.1489594972779903,38.6112528181758,31.24662583059252,3312.078,103,0.00010464913630674334,3.5626448609110395
B0007,45,24,1.7958310249900458,3.5567002097886946,2.037264031192436,0.24718150200077496,0.000657290630473959,-1.9780364457328714,0.1494284562122661,38.569726951286874,30.939399361884792,3293.172,102,-0.008686578854679798,3.5603962601485244
B0007,46,24,1.7858852600390451,3.5584127263446006,2.1632674190148338,0.23972404685296034,0.0006227265713355479,-1.977935781469453,0.1499746649560789,38.34572083526661,30.884857004354572,3275.328,101,-0.010189466894654086,3.5585343881481166
B0007,47,24,1.7803268604502753,3.556136820956992,2.106631526845483,0.24353239714133773,0.0006416889171525931,-1.9780170042003,0.14992267004756327,38.482540634946716,30.920682316695828,3265.016,100,-0.00775208226988508,3.557083252363429
B0007,48,24,1.8150756899575577,3.568999942180493,2.1809272860788376,0.23779858875750914,0.0006040934593701012,-1.9779140108313502,0.14860159467659112,41.0499421893331,33.880577817079796,3328.937,99,0.014595214959256671,3.5611831631606954
B0007,49,24,1.8157025154845838,3.571059290544873,2.1773498094527195,0.23785906798506715,0.0006085366395574497,-1.978162017642311,0.14858283335477085,40.361944885615415,33.038339318294426,3329.266,98,0.01768782751715446,3.5653986845607855
B0007,50,24,1.8002432178056673,3.5666921284622095,2.180136101967249,0.23760527129618003,0.0006125392160698535,-1.9779553399945098,0.1492321114384013,39.6676965288026,32.27329169539202,3301.579,97,-0.007416236075945129,3.568917120395858
B0007,51,24,1.7904476205609308,3.563327431073248,2.1286295199076855,0.24105488010739884,0.0006318279929154891,-1.9779914337720734,0.14961359454639447,39.481181404811096,31.937919783481355,3283.563,96,-0.012627447461826296,3.5670262833601103
B0007,52,24,1.780343032300132,3.5590146214829015,2.155901281560187,0.24277115965808288,0.00042240572707175815,-1.9721889844228178,0.18321554183214092,39.419051143069204,31.688686599521045,3275.125,95,-0.00995009275276741,3.5630113936727863
B0007,53,24,1.775328769596812,3.5566945836342914,2.067103728219671,0.24879599446153314,0.00043230073813717274,-1.9723254573804139,0.18341975964719076,39.72196117128354,31.779120691032947,3265.656,94,-0.00755942548205899,3.5596788787301468
B0007,54,24,1.7702629734732853,3.555013984911923,2.0619831864543094,0.2513247440204203,0.00039496660731374943,-1.9668382736785281,0.21152672057298152,40.041366724781085,32.133873372089305,3266.093,93,-0.00504002941342298,3.5569077300097054
B0007,55,24,1.760081061854204,3.5526373754067415,2.143037413381466,0.24843977298975742,0.0003703941341457627,-1.960929600351624,0.2366096302019096,39.66314441864834,31.889431533099835,3257.594,92,-0.0076238538713039065,3.5547819813176518
B0007,56,24,1.749647593537689,3.547186025484395,1.9929057988209282,0.2591347484640653,0.0003781485063778408,-1.9607588424014128,0.23690268546827994,39.84751541049116,31.81736328028127,3248.593,91,-0.010307689967797917,3.551612461934353
B0007,57,24,1.749650075059311,3.546814755244375,2.0335961968180234,0.2566708502475146,0.00037702624057448295,-1.9607439129501683,0.23725449124295286,39.743357771631004,31.72316205746117,3238.766,90,-0.005215493397446296,3.5488793853785037
B0007,58,24,1.745028739214683,3.5447850172972655,2.0213017345171265,0.2590391092431144,0.0003615430327981621,-1.9550964299704847,0.2595637502376604,40.07246786936068,31.957150654392294,3240.14,89,-0.0023094271615027567,3.546261932675345
B0007,59,24,1.7396457455286727,3.5465215420964156,2.0789964919635966,0.25599663439330134,0.00036018238717921655,-1.955058998571939,0.2597754002497576,40.247716114003914,32.29917704213345,3230.109,88,-0.005002164765318815,3.5460404382126853
B0007,60,24,1.7285642277717963,3.540832547654255,1.9925354808829658,0.2637981986834192,0.0003495097963800009,-1.9491545130405272,0.27992445983861897,40.27220819224188,32.128842946565555,3229.7810000000027,87,-0.008232255721443125,3.5440463690159785
B0007,61,24,1.723900324588418,3.542992511358393,2.14041602578448,0.25433595231008316,0.00034370616654138907,-1.9485230174751031,0.2810230250199101,39.89848456781458,32.021134355757404,3212.469,86,-0.00787271047012726,3.543448867036355
B0007,62,24,1.7139788776485192,3.5360811169860216,2.006753861515003,0.2648942463001822,0.00033643134075540023,-1.9431227050969846,0.29989514018536995,40.0571305311587,31.859048861486652,3213.219,85,-0.007292675061638536,3.5399687253328893
B0007,63,24,1.7139701997004613,3.5392436935272635,2.121868132176415,0.25696742774933107,0.00033335871781995714,-1.9430080085541772,0.3003153138279422,40.240711749549135,32.16100333536097,3203.578,84,-0.004965062443978215,3.5394391072905598
B0007,64,24,1.7036521173638766,3.5348237062932575,2.0119648758828452,0.2662038409344857,0.00033810303137923805,-1.9425165961920092,0.3009740923792116,40.12941739090177,32.10276048728767,3195.125,83,-0.005163380142320906,3.536716172268848
B0007,65,24,1.7040137474382486,3.5366477402090606,2.0744390946376323,0.2616558182168718,0.0003253149111766487,-1.9370190075205085,0.3186080584168873,40.3959693732437,32.33880662180898,3195.3129999999946,82,-0.004978226131106141,3.536905046676527
B0007,66,24,1.6935716157343033,3.5352062840980913,2.188793384556236,0.25544791069144723,0.000311388393741466,-1.9310192096578356,0.33583111935932713,40.18751058333668,32.21373014824893,3186.297,81,-0.005040250814786738,3.53555924353347
B0007,67,24,1.6876577363877656,3.5329852237553396,2.1739523632140685,0.25706788640824413,0.0003120370436928958,-1.9304738354803441,0.33610450717728846,40.14605167557969,32.09949526722965,3176.438,80,-0.008178005525241146,3.5349464160208304
B0007,68,24,1.6830744356583152,3.532158560934324,2.1783847786257136,0.25743321846075945,0.0003128394022280903,-1.9305510314753316,0.3367955832619307,40.18846095484838,32.11305439113157,3167.593,79,-0.005248590037994189,3.5334500229292516
B0007,69,24,1.6779270142025482,3.5308376380023527,2.191481814157953,0.25735132818647616,0.00030479532101627044,-1.9247195409983122,0.3526649608118804,40.2789498830108,32.20371989479744,3167.719,78,-0.004865361092608521,3.5319938075640054
B0007,70,24,1.6732060275966172,3.5296958440720005,2.1753473356526807,0.25903317835716594,0.0003059723825910002,-1.9245739020356052,0.35306848458191703,40.310727434969614,32.23340825772458,3159.077999999994,77,-0.004934204030848653,3.530897347669559
B0007,71,24,1.6674367208253988,3.5281819372126093,2.1832922624558813,0.2590267647030847,0.0003061110158506151,-1.9243785304854075,0.353697587121458,40.31733812871393,32.212169716369466,3148.829,76,-0.00524514668857463,3.529571806428988
B0007,72,24,1.6622662630667526,3.5265730179666974,2.192864020990023,0.25895117983184,0.0002989890100657602,-1.9184028799161776,0.36885103516009277,40.332563430145015,32.21746401954225,3149.094,75,-0.0054698822649323344,3.5281502664171023
B0007,73,24,1.6574243065763063,3.5245022548553444,2.1560972126643922,0.26179245053019967,0.0003006276603514182,-1.9181664471622712,0.36930143578125346,40.431258866851486,32.23410177209762,3140.547,74,-0.005006207124546262,3.5264190700115505
B0007,74,24,1.652538684928734,3.5228548406546385,2.138540138129487,0.26334902608175864,0.00030185240847020923,-1.9180994998619483,0.36972121910128913,40.46247985933005,32.228343983674435,3131.625,73,-0.0048637890690092335,3.524643371158893
B0007,75,24,1.6472174627573322,3.5222829121237855,2.1646493163558524,0.2622165090473685,0.0003013259548845309,-1.9179522150901998,0.3704409853164542,40.40103455658551,32.1833106060944,3121.907,72,-0.005103421909486817,3.523213335877923
B0007,76,24,1.6364136810898071,3.5189923820688493,2.1187211383693167,0.26579878809823443,0.000296354036316673,-1.9116539768893375,0.38501324372590207,40.4426971996319,32.17200142078129,3122.125,71,-0.008062501919463318,3.521376711615758
B0007,77,24,1.6362554312048496,3.5177844279570794,2.1377868706438155,0.26600215117219994,0.0002961529457647667,-1.9115865510736891,0.3850783041628466,40.26214977673693,32.03316223587618,3121.672,70,-0.0054810157762413304,3.519686574049905
B0007,78,24,1.641119179218384,3.5212226057273495,2.103155697792567,0.267463244027458,0.00030679320871530673,-1.917648718820213,0.37032820729133353,40.645668361956844,32.506671891788216,3120.86,69,0.0023527490642887556,3.5193331385844258
B0007,79,24,1.6315700789656966,3.5172227884430147,2.186737546753024,0.26251805234594217,0.0002954752203642487,-1.9111337702474194,0.3859863634088458,39.95209030011925,31.961039485620926,3103.828,68,-0.002342676119576432,3.5187432740424813
B0007,80,24,1.621213282987236,3.5125010864221813,2.1007747911593695,0.26841940308331047,0.00029839863249446935,-1.9108556098369367,0.3864575673331354,40.165034583244065,31.798082670491866,3095.094,67,-0.009952948115573844,3.516982160197515
B0007,81,24,1.6164273214762122,3.5129614635074673,2.1417010068719846,0.26549914451346457,0.0002919160437852705,-1.9049762303506044,0.4005172724970495,40.36674175781141,31.95802833708937,3095.781,66,-0.00757137874474211,3.5142284461242213
B0007,82,24,1.615823510161921,3.5125204100391962,2.0912297625621297,0.26924432437899815,0.00029478973144249316,-1.9051068520548522,0.4005777576368912,40.88269125311642,32.41813169746276,3094.328,65,-0.0026948864126575315,3.512660986656282
B0007,83,24,1.61672418029789,3.5151454557578807,2.1663009505205935,0.264592914024469,0.0002933506100373566,-1.9049079394753692,0.40110938112637234,40.856332202254556,32.64044972789331,3086.531,64,0.00014842941083914504,3.5135424431015143
B0007,84,24,1.6108655863730026,3.513443179473182,2.1843637809529235,0.26388369352167246,0.00028699831762348514,-1.898761620917719,0.4145639691317064,40.778024611598504,32.56399373078006,3085.625,63,-0.0024789618944590485,3.5137030150900865
B0007,85,24,1.6006603374309376,3.5097089402574535,2.113995772639173,0.26957573994134193,0.0002944581367550656,-1.90433828068926,0.4023836860850073,40.5829305350897,32.28305350922276,3067.203,62,-0.00803192143347594,3.5127658584961723
B0007,86,24,1.5959174487005663,3.5042771471756997,2.0287779476202195,0.27593869419229977,0.00029670367202651055,-1.904192698545851,0.4031010093914232,40.6345689985191,32.06065237439007,3058.157,61,-0.007474068836217931,3.5091430889687785
B0007,87,24,1.5962179519462243,3.509207943122176,2.1948906641943635,0.26403401116573244,0.000287740852634681,-1.8982712229514884,0.41633846419839154,40.75070125010339,32.365261126964526,3058.812,60,-0.0022211927423564197,3.507731343518443
B0007,88,24,1.5958065114633972,3.5095064920492853,2.1621122251410005,0.26651020354295685,0.00028977281003426735,-1.8977934870545983,0.4164923578079049,41.0672419235651,32.68851871366292,3058.578,59,-5.5468618584160164e-05,3.5076638607823867
B0007,89,24,1.5906507821480704,3.505203266169396,2.0092802451741245,0.27780037236330035,0.00030041572165813066,-1.9036436467205253,0.40372631842414586,41.40590880756584,32.747733642524246,3049.328,58,-0.002783584899076841,3.507972567113619
B0007,90,24,1.6888211161855506,3.5281182345919753,2.144268362237989,0.27416305799250557,0.0003352808482776363,-1.936992342648715,0.31958358926764696,41.01558674901627,32.50500516961017,3177.219,57,0.04650730236107683,3.5142759976035527
B0007,91,24,1.6259938279733204,3.519590928396835,2.0962813773920193,0.27054736304342386,0.00032058417701162287,-1.9233409193548265,0.35732712227323765,41.31851435911838,32.91993878980996,3082.937,56,0.017671522912624957,3.517637476386069
B0007,92,24,1.6157433862812898,3.5146260368096875,2.0376560852489356,0.27485823359870815,0.0003137206633699046,-1.916884219356136,0.37299749235952684,41.4002950560853,32.948305858317944,3074.266,55,-0.036538864952130205,3.520778399932832
B0007,93,24,1.6056626764846538,3.5115494818370454,2.050265845971926,0.2738568804220646,0.00030534948728773735,-1.910472150518363,0.38840976951005973,41.2508092329952,32.76906651915661,3066.0,54,-0.010165575744333147,3.515255482347856
B0007,94,24,1.5949746921524348,3.510769869032659,2.1421639870693685,0.26772380868625756,0.0002959009430373061,-1.904277326283454,0.40296100009297364,40.95362783962595,32.59734424608833,3056.437,53,-0.010384347064427384,3.512315129226464
B0007,95,24,1.5904102438871945,3.50804494279531,2.093098662464846,0.2714351723858833,0.00029778090617196894,-1.904002494100001,0.40347471459758105,40.989022190981714,32.52349894408369,3048.219,52,-0.0076262162987294265,3.5101214312216715
B0007,96,24,1.5853517062988178,3.507748080950393,2.109503853325003,0.27050869918323595,0.00029814979821061896,-1.9036546380501311,0.40435867681465476,41.02622774121347,32.578228834731775,3039.218,51,-0.004811492926808165,3.508854297592787
B0007,97,24,1.5799737147242376,3.5066673521067266,2.1295447836320704,0.2692433210994772,0.00029176752378274386,-1.8977146678452774,0.41774616488674415,41.01371342582121,32.62728298499839,3039.047,50,-0.005218264581478123,3.5074867919508095
B0007,98,24,1.5752185465278068,3.5061843921745397,2.138556110583413,0.2691227468747876,0.00029219613095708707,-1.8973347377958825,0.41823604974731454,41.04923314430273,32.652115712561326,3030.375,49,-0.00506657988550552,3.506866608410553
B0007,99,24,1.569798484648868,3.5051004339266254,2.1437793669909317,0.26893892592128943,0.0002923353845033565,-1.8970045774163773,0.4188464005659871,41.05277512550887,32.64767456395258,3021.0,48,-0.0050876150376847,3.5059840594026306
B0007,100,24,1.5702565375950357,3.5054479186890566,2.199196544880164,0.26547378393904136,0.0002858039197272336,-1.8909127399289274,0.4318752742370957,41.02092182377061,32.6993879231031,3021.75,47,-0.002481004466385258,3.5055775815967407
B0007,101,24,1.565249873909438,3.500074246846,2.0252901014990434,0.2780974884933766,0.00029629407741990307,-1.8968789299198896,0.4193757586765284,41.34840278359994,32.724576765133094,3012.265,46,-0.0022743053697149244,3.503540866487228
B0007,102,24,1.559633933561147,3.5011647157526498,2.0874226328484515,0.2734435466054509,0.0002948425769627887,-1.8964710309338209,0.41987506069301295,41.23753665797544,32.70434030242972,3002.641,45,-0.005311302016943986,3.5022289604292354
B0007,103,24,1.5649820533392105,3.500407285435189,2.0863200514042264,0.2727539732933852,0.00029464078130701966,-1.8967768141795405,0.41968280080139775,41.21700308433066,32.74051962267582,3012.0,44,-0.00013391028511371033,3.5005487493446132
B0007,104,24,1.57497949984227,3.507816455272743,2.0588247910323827,0.2757283357353109,0.0003064408140206142,-1.9031485600103595,0.4052945132199409,41.89753189273277,33.38712825139849,3020.11,43,0.007672783140561704,3.5031294854868604
B0007,105,24,1.5652811168780458,3.5025243992110107,2.007722684403967,0.27939830506505453,0.00030635287906533796,-1.9028574663381217,0.40660201692694903,41.90270996402953,33.270627344923426,3002.172000000006,42,0.00014953176941776204,3.5035827133063147
B0007,106,24,1.559755497470126,3.505155823274424,2.190682586389996,0.26716096018418656,0.00029483633317403375,-1.8963219640753084,0.42073904575858384,41.48233804274523,33.115074143665915,2992.703,41,-0.007612001186071546,3.5051655592527258
B0007,107,24,1.549897685670499,3.4983646475135717,2.008435320437976,0.2800179112567817,0.0003130153341416419,-1.908430732943726,0.3948750790494943,41.641162265997195,32.90572814040102,2964.468,40,-0.00769171560377329,3.502014956666335
B0007,108,24,1.5438771531345021,3.500140843862167,2.1646360641399958,0.26887813430357094,0.0002900566557703219,-1.889754408573026,0.4344167924236918,41.433877603827945,32.953112654161664,2983.375,39,-0.007939172167811818,3.501220438216721
B0007,109,24,1.5450187488690073,3.49909547013937,2.0647427536919833,0.2760027250501692,0.00029992244201159876,-1.8959167588975119,0.4220196727922293,41.8543569979417,33.2282109237263,2975.297,38,-0.00243946840074595,3.499200320505036
B0007,110,24,1.5445940154102908,3.5010357611640615,2.170172617792397,0.26906391858600187,0.00029181131919584516,-1.889387844169526,0.4354171727207348,41.78271326384125,33.361342590516294,2974.9850000000006,37,0.0003584311378945284,3.500090691721866
B0007,111,24,1.5343086721758876,3.497212315865497,2.120750718982474,0.2725395525815381,0.0002924625490984342,-1.8889185963670394,0.4358379461976045,41.62744766181303,33.12431679486816,2966.25,36,-0.005355038346559715,3.499114515722976
B0007,112,24,1.5287603942958483,3.496089957852059,2.13627215665258,0.271483182584801,0.0002924966205686916,-1.8885071150010755,0.4362675159871197,41.552128441464966,32.991553593266204,2956.359,35,-0.007916810557221023,3.498112678293873
B0007,113,24,1.5289260249179843,3.495877119417779,2.0938572364769055,0.27453166041980637,0.00029474994282145683,-1.8888180820733198,0.4365325722003185,41.839167194182565,33.2318318845246,2956.344,34,-0.0026913236289514983,3.496393131045112
B0007,114,24,1.529091650133123,3.493116071455022,1.9959465760122976,0.2817618222544089,0.00029761634179490814,-1.8887930414931369,0.43658181390188044,42.23998716092915,33.5098123920945,2956.406,33,0.0001656279186373799,3.4950277162416197
B0007,115,24,1.5239059324661248,3.492655946458748,2.0305769860653866,0.279043030854902,0.00029677830614663336,-1.888168080257056,0.43714861287355133,42.040902384977116,33.382402850667845,2947.266,32,-0.002510046225929591,3.4938830457771832
B0007,116,24,1.5186675419100615,3.49208824531703,2.0758803797636745,0.2761335994927761,0.0002952928017575724,-1.887904907597145,0.43794829478988856,41.803429062834496,33.17829959346276,2937.984,31,-0.005212054111530736,3.4926200877436
B0007,117,24,1.5136482266426952,3.490216477408044,2.0793549048242492,0.2758276886812699,0.0002951941297908514,-1.8877303662432205,0.4384469835295734,41.6886924602386,33.01591345323486,2929.125,30,-0.005128852911714595,3.4916535563946076
B0007,118,24,1.5136050185229033,3.4905931958620466,2.0585109366080414,0.277468540309286,0.00029709390483419857,-1.8878077163294114,0.438505597682676,41.988171601182124,33.271000362987586,2928.454,29,-0.0025312616935789425,3.4909659728623734
B0007,119,24,1.5139470614867965,3.4911419366203664,2.0253107306977376,0.2798972380490623,0.0002990730478478274,-1.887674933393443,0.4384231819570503,42.33252236723314,33.61966967517867,2929.375,28,0.00014941742205078554,3.4906505366301523
B0007,120,24,1.5339599193158786,3.49283645226053,2.0069579017420067,0.280648377364394,0.00031125024659177673,-1.901022727285377,0.41018924523222833,41.63553796804361,33.29697162630193,2946.031,27,0.010177450396487908,3.491523861580981
B0007,121,24,1.5391372798653098,3.5025157522808223,2.19792648712031,0.26895843585075985,0.00030311235391991895,-1.8951144121477894,0.42332838857169847,41.470498076928735,33.393130865360554,2955.438,26,0.012595109189256729,3.4954980470539057
B0007,122,24,1.5236247972838737,3.492953565598811,2.0299415196572554,0.2795996279931968,0.000306133315069573,-1.8941478117057606,0.42451541923358677,41.54038193238441,33.13820710362847,2937.625,25,-0.005167561016002253,3.4961019233800545
B0007,123,24,1.5135813035589147,3.4917462636517236,2.1171503915767786,0.27350870981613745,0.0002975759755289269,-1.8875042014728922,0.4382617517151343,41.13947017697289,32.84069778843796,2929.078,24,-0.01277798815319727,3.495738527177119
B0007,124,24,1.5077850749847914,3.490432264232956,2.1309899052747716,0.2729068935891816,0.00029725623166505257,-1.8871434043422721,0.43906275735498046,41.09041922644824,32.75739655594484,2918.375,23,-0.007919861149540984,3.4917106978278305
B0007,125,24,1.5031960676037333,3.488861416967918,2.1294318317485654,0.2728699120961805,0.00029231821043071426,-1.8807630082774924,0.45190204705088705,41.10034021580957,32.77234087259374,2919.812,22,-0.005192617977590693,3.4903466482842
B0007,126,24,1.4978220596995881,3.4891932104785104,2.164511453629433,0.27114343726176793,0.0002972394844823662,-1.886419275237733,0.44033851342651237,41.03075447325996,32.720417557744895,2900.422,21,-0.004981507642601569,3.489495630559795
B0007,127,24,1.492848534633516,3.4878785713375917,2.1743012710834013,0.27036963128436114,0.0002916450329119133,-1.8800039366336023,0.45328208839432876,40.99688397371006,32.710022803073514,2901.375,20,-0.00517376648510856,3.488644399594673
B0007,128,24,1.492414389867026,3.486430546073901,2.1928976284966537,0.2689857507962565,0.00028596921575734516,-1.8733366537372407,0.465528036840312,40.88481342461614,32.62076759783716,2901.187,19,-0.002703834916280948,3.4878341092966676
B0007,129,24,1.487482776538081,3.4812572775226682,2.0298495899147295,0.2805884049743061,0.00029546829556004466,-1.879702248133121,0.45377105836715836,41.09400879501426,32.57651826255201,2891.64,18,-0.002682879047717526,3.485188798311387
B0007,130,24,1.482535148640411,3.4823550791204023,2.0959492247836815,0.2757345575864043,0.0002942860891944062,-1.8790751470067306,0.45452900446391487,41.01377835587309,32.58396494906228,2882.906,17,-0.004939620613307551,3.4833476342389904
B0007,131,24,1.4827874322228984,3.4835074286280525,2.177723491219515,0.2702230568822358,0.0002873615401036422,-1.8728728303565048,0.46708909531252873,40.90635248178393,32.623742674615976,2883.265,16,-0.0023476721575910737,3.4823732617570413
B0007,132,24,1.476971179775059,3.478976541530706,2.056251340337525,0.2785599820113761,0.0002902558654978652,-1.8726786421400121,0.4668330320827534,41.06596192416311,32.58599202496769,2882.969,15,-0.0027819844326759462,3.4816130164263868
B0007,133,24,1.4819015554137276,3.483501191305966,2.1512510632923165,0.2710187642003124,0.0002884513398012566,-1.872734820116884,0.4662180398477774,40.84520330629611,32.864544723781215,2891.656,14,-0.0004429384045853519,3.4819950538215747
B0007,134,24,1.4981366198874824,3.4899701994096612,2.1693699073642034,0.27165150373790076,0.00029671614055956527,-1.8800362373714223,0.453311253523682,41.12807910254104,33.079651096902374,2901.25,13,0.01058272005621174,3.4841493107487778
B0007,135,24,1.4820775214392872,3.484801138956006,2.116759239247948,0.2744248030587602,0.00029238476828553125,-1.8730214281226414,0.46638797880400595,41.094988453128494,32.932141650182686,2891.703,12,8.798301277985922e-05,3.4860908432238777
B0007,136,24,1.4771155312812152,3.47835437960934,2.009424225590032,0.28185158475661226,0.00029359680624637595,-1.8725486136074456,0.4670460159468524,41.11877573165318,32.755748003791545,2883.016,11,-0.010510544303133442,3.484375239325002
B0007,137,24,1.4720772783056488,3.475694933923807,2.0034792344341588,0.2821225408880852,0.00029331007495443325,-1.8724613181992062,0.46760190562357584,40.980034990626955,32.52965474617847,2873.453,10,-0.005000121566818946,3.479616817496384
B0007,138,24,1.472248013656454,3.481431873453954,2.172988732474185,0.27031845545040223,0.0002859999522110032,-1.8659419458758726,0.4798199080245358,41.017509953482886,32.848065199041,2874.031,9,-0.0024337588123804084,3.4784937289957
B0007,139,24,1.4670106672274665,3.4796060336232353,2.087464676179042,0.2760443341294343,0.00028850966686058547,-1.865786095147701,0.4796371624062805,41.299420742573055,33.072327061961936,2874.234,8,-0.0025333055390911164,3.478910947000332
B0007,140,24,1.4617672495335379,3.4782258967329596,2.110564313669325,0.27467455818201325,0.00028755261161794433,-1.8654605849037513,0.4803629887383534,41.105738037939375,32.85096451719535,2864.984,7,-0.005240382061457926,3.47975460127005
B0007,141,24,1.4566952670489708,3.4743233868367187,2.0724687293779813,0.2773685437531875,0.00028815532647864816,-1.865134613881632,0.48115670765904056,40.87704013237699,32.572302329954546,2855.093,6,-0.005157700089247808,3.477385105730971
B0007,142,24,1.451354972758956,3.4737305453330443,2.1253826973270513,0.27350409030007017,0.0002820737529860693,-1.858515986418667,0.4926088565466325,40.730219862268235,32.450684441760906,2855.625,5,-0.005206138387290749,3.475426609634241
B0007,143,24,1.451615926257375,3.47481272321405,2.1147331324879475,0.27411896588082374,0.0002836896638302693,-1.8588972649148483,0.49288536462136934,41.03226257370644,32.7394359440147,2855.594,4,-0.0025396703957977227,3.474288885127938
B0007,144,24,1.4468161332173683,3.476096426841386,2.1738445330859366,0.2707101067699333,0.00028242807253315986,-1.8581969672334215,0.49363110012121336,40.89527781087817,32.775898242252914,2847.437,3,-0.0022694197707936402,3.474879898462827
B0007,145,24,1.4467570607768785,3.4686822529487804,1.9947266977360072,0.2832693778438166,0.0002860674730693912,-1.8581200056254086,0.4934164587081907,41.02491521192672,32.5817324044051,2847.36,2,-0.00242943274024819,3.4731971343347383
B0007,146,24,1.4413797481446793,3.4661964701943586,2.0033802121225017,0.2821947324675514,0.0002853641890507015,-1.8577209868352302,0.4943028089733894,40.815968345794715,32.35021153014993,2837.328,1,-0.0027181925363444098,3.4703250499948415
B0007,147,24,1.4362456252208178,3.468183423895935,2.116470909151213,0.27403294432013725,0.00027920773812558643,-1.8512458354075154,0.5055252635242714,40.65138669632271,32.28754240914786,2837.281,0,-0.005255717778030151,3.4676873823463583
B0007,148,24,1.4368154153924828,3.4678606629897453,2.051877342511651,0.27831710554100686,0.0002814063278641945,-1.8514531972432,0.5055032219238349,40.965385542419945,32.603239183227075,2838.515,0,-0.0022821663760980047,3.4674135190266795
B0007,149,24,1.4362945145860047,3.4662499547181245,2.003221375307111,0.28238524242891305,0.00028717904615671656,-1.8574211435317929,0.49499694759507895,41.11319128215138,32.61208344144242,2828.328,0,2.4444682593585566e-05,3.467431347201268
B0007,150,24,1.4418575315878015,3.462469269360201,1.9865974995249178,0.28188198416963234,0.0002853897231185034,-1.857823928669184,0.4943078671975977,40.78738321989129,32.26742656599958,2838.265,0,0.0025210580976594435,3.4655266290226905
B0007,151,24,1.4672063484781797,3.480518309485383,2.1908121182442706,0.270428573348554,0.0002919862532021827,-1.8658259561850365,0.4805485663838978,40.73001188190229,32.637733704417855,2864.547,0,0.015455916946087686,3.469745844521236
B0007,152,24,1.4518640367848885,3.4723137993738336,2.033261415031626,0.2802109931464832,0.00029445432197882705,-1.8647784241320742,0.4816733351722642,40.990354594470126,32.665258715232376,2846.39,0,0.005003252598543689,3.4717671260731393
B0007,153,24,1.4471379752748499,3.474362108592906,2.19135439601875,0.2695426070546689,0.0002857038652304982,-1.8578958465335809,0.4944188415321409,40.62521315513875,32.502652632323915,2837.969,0,-0.010034186601664651,3.475731405817374
B0007,154,24,1.441790586562399,3.4722823212388754,2.1840705012733683,0.2699344065566691,0.0002814666693876953,-1.8511947629213035,0.5056082033558461,40.58944296824891,32.446842086875606,2838.156,0,-0.005036725111244592,3.4729860764018716
B0007,155,24,1.431630947911111,3.4701761898320465,2.1664368343684446,0.2710858021641952,0.00028128046450597423,-1.8509042611451945,0.5063097294204744,40.584393586876246,32.39361892904713,2829.843,0,-0.007753513681869407,3.4722735398879423
B0007,156,24,1.4318084249673686,3.4635011119445216,1.987193667465448,0.2832898045943784,0.00028526780198102723,-1.850858274670624,0.5063070156205356,40.884444140401214,32.417221778010834,2829.625,0,-0.0049910807975150785,3.468653207671814
B0007,157,24,1.4262562585106868,3.467453100453348,2.1314172797434523,0.2734041808329979,0.00028256158039807435,-1.8504182940365097,0.5071972807923033,40.65159637790841,32.40094040453025,2819.437,0,-0.002687344700211868,3.467043467409972
B0007,158,24,1.4260877528924913,3.4675864728547845,2.188995882590831,0.2695141803952856,0.00027701909092036855,-1.8436892876926974,0.5181427821072656,40.53138082339522,32.36314241861482,2819.579,0,-0.0028603360374384137,3.4661802284175516
B0007,159,24,1.4212633510031694,3.462182535852444,2.0322464946417114,0.2801600866578969,0.000284666579363884,-1.8498733070449755,0.507894137527647,40.821433488540606,32.382600705235255,2810.672,0,-0.002496453753758413,3.4657407030535254
B0007,160,24,1.4163272748795108,3.465962999117946,2.1695130053947387,0.2708827931569411,0.0002782412216823769,-1.8432877207292044,0.5188324984812375,40.643362943412974,32.4323818014572,2811.485,0,-0.004880239006490248,3.4652440026083915
B0007,161,24,1.4165781829175994,3.4601727514874407,1.9917978280585305,0.28320564015052707,0.0002859315703513676,-1.8494580225090995,0.5087585272156274,40.97063567014205,32.48861829940489,2802.422,0,-0.0023425840427849726,3.46277276215261
B0007,162,24,1.4108401729425177,3.464226115253961,2.1534486462617073,0.2718094069576828,0.00027895995175661965,-1.8426221358637018,0.5198946086774101,40.74888323397497,32.524062377970175,2801.625,0,-0.0027435509684964987,3.463453955286449
B0007,163,24,1.4109949628347804,3.458799193390812,2.0101572712330453,0.28154248712251484,0.00028156702563394303,-1.8427098003104345,0.5196065660798354,40.93461596721165,32.482615965621896,2802.031,0,-0.002791610041409323,3.4610660200440715
B0007,164,24,1.4061714290398801,3.4620805499710854,2.132718741006573,0.27338203683256124,0.00027955162518875505,-1.842239518040086,0.5205366588751019,40.74175890345818,32.46389583182878,2793.39,0,-0.0023343719513186528,3.461701952871953
B0007,165,24,1.4063358479692922,3.4578782949034514,2.0114763339798887,0.2814693412732219,0.0002823098518436262,-1.842252843487983,0.5205423339703974,41.00964443691023,32.55681404542561,2793.39,0,-0.0023295574327441486,3.4595860127551163
B0007,166,24,1.4004552399066514,3.461590937144894,2.1610456063312298,0.2711287554522599,0.00027556903398952536,-1.8356063485512333,0.5311150305328971,40.80558697887537,32.576296430484255,2792.485,0,-0.002858094566614258,3.4605165940064766
B0007,167,24,1.4217865046055154,3.462906230864041,2.0143553387267827,0.28163618896619136,0.00029146672084028687,-1.8561013515700384,0.49740511520485786,40.92586026351328,32.81804879809979,2802.016,0,0.007725328318111656,3.4607918209707953
B0007,168,24,1.4324552720625434,3.4753580425264796,2.1732119934933296,0.27473843821115856,0.0002911691434871242,-1.8574370794605966,0.49591138171784854,40.57390100608222,32.92941193334214,2820.39,0,0.016000016077946176,3.4666184035118044
B0018,3,24,1.8396018424355423,3.538246596159443,2.394395968141027,0.23728971261206758,0.00032605023077789813,-1.9520511323479741,0.33092880126857177,37.5266914843442,31.31691283374216,3410.375,80,-0.007701339177769519,3.5335427995577398
B0018,4,24,1.8306736044962053,3.537697945111872,2.3999481734774424,0.23668744588744997,0.0003191016498124381,-1.9460914562122762,0.3479124254783602,37.06279237079503,30.821190751176527,3404.719,79,-0.0062609636063965645,3.5369267058192793
B0018,5,24,1.8327002069419656,3.542667604586918,2.3851461229395867,0.2394353252581165,0.0003137333964389394,-1.9412796601390512,0.3634908467567985,38.2110354381278,31.95346971511436,3417.641,78,-0.0034508177467880274,3.5395373819527443
B0018,6,24,1.8285288846046388,3.5451037330477333,2.3716770708389117,0.24110752752449982,0.0003154615681905535,-1.9400338819083036,0.36496332223544575,38.17496505957075,32.02311236185272,3411.766,77,-0.0010723599457829692,3.541823094248841
B0018,7,24,1.8212011895697924,3.5475142438631493,2.4964491577040793,0.2318511800008401,0.00030026463881366506,-1.9335667184847714,0.3808832811419138,37.64038685475582,31.634533158077694,3399.516,76,-0.005749508686086629,3.5450951938326
B0018,8,24,1.8151700106433282,3.544812433691423,2.4374506721131883,0.2359561532347725,0.000302653526869879,-1.9332161326561408,0.3824771942488669,37.37602884738843,31.288194921595714,3388.75,75,-0.0066794369806552215,3.5458101368674355
B0018,9,24,1.8042980520967649,3.5434780274164095,2.4152206992194847,0.23682620647693875,0.00030215941119919907,-1.9325959489970461,0.3841188149850458,37.28928029078695,31.11122470608501,3380.406,74,-0.00845156873651342,3.5452682349903273
B0018,10,24,1.8231002302844226,3.543133206790044,2.377432309524995,0.2397794991641069,0.000307652445805607,-1.9387520938161948,0.36905252794524707,37.52377766578506,31.13166983979621,3404.141,73,0.003965109820547195,3.5438078892992917
B0018,11,24,1.8121253520255494,3.545155146280937,2.3887487262583647,0.2394912052033424,0.0003024572732556849,-1.9319248326301843,0.38518004774627046,37.72420412562674,31.51305775907457,3396.141,72,0.0039136499643925675,3.54392212682913
B0018,12,24,1.8046916382117766,3.545032366549762,2.432289857016922,0.23636543687105385,0.0002933478409650626,-1.9249594896453863,0.4008923507156673,37.41366095304306,31.31102568785445,3384.094,71,-0.009204296036322975,3.544440239873581
B0018,13,24,1.790844349786295,3.5440892170496827,2.497495633221204,0.23152309725169407,0.0002834022457825414,-1.9179528942264992,0.41604798160412765,36.94724908852665,30.893964711700164,3370.656,70,-0.01064050111962692,3.544758909960127
B0018,14,24,1.783470722841926,3.541317108618481,2.478768686108376,0.23215997251902853,0.00028183133924145667,-1.917373033348097,0.41771515683186444,36.707091312059944,30.540598970902945,3357.797,69,-0.01061045768492492,3.543479564072642
B0018,15,24,1.7809386125310702,3.541197979542517,2.3858494078680206,0.23984848741538095,0.0002873045201234705,-1.9180652422275581,0.41851037792194934,37.13061214416645,30.82566018736547,3363.015,68,-0.004952868627612075,3.542201435070227
B0018,16,24,1.771209039672698,3.541255460524434,2.372854084449551,0.24107515468634144,0.00028346213039044405,-1.9106033469326071,0.4333538762209249,37.686600065941576,31.451400678644536,3357.734,67,-0.006130841584613761,3.5412568495618104
B0018,17,24,1.7686303996707076,3.5427478949705886,2.4086912736769084,0.23851613291467513,0.0002806038314133436,-1.909404549449075,0.4345292193646614,37.633580732302406,31.518847747922937,3344.187,66,-0.006154106430181097,3.5417337783458467
B0018,18,24,1.7536304801917124,3.541251093602656,2.496331992137246,0.23208831014050751,0.00026687666764518337,-1.8960567702455413,0.4608372568983002,37.15252578645951,31.11237289077096,3339.969,65,-0.00878927974049246,3.5417514830325594
B0018,19,24,1.7462197416415093,3.5350260562177453,2.4199896352919668,0.23636791212783306,0.00026701684219576345,-1.8948411660605735,0.46289745724666687,36.78829001793698,30.586452588663985,3327.641,64,-0.011205329014598874,3.53967501493033
B0018,20,24,1.7376647337053737,3.5326627624319777,2.3587321881999297,0.24166851701811512,0.00027411266235484726,-1.90021436299665,0.4524585670439338,36.541146197392216,30.242913021104116,3312.844,63,-0.00798287324316931,3.5363133040841266
B0018,21,24,1.7315166735475835,3.5333109441755526,2.4458096660548825,0.2353392099181246,0.0002653934403343078,-1.8936767267608487,0.46616024714206783,36.372087786130464,30.10270376338569,3302.031,62,-0.007351534046962425,3.533666587608425
B0018,22,24,1.7085949894470602,3.52738705832889,2.3808537751929744,0.23900387966523803,0.0002567750483739672,-1.8739718829459886,0.5016651228882696,36.52608510498833,30.251184852221932,3305.547,61,-0.014534872129156398,3.531120254978807
B0018,23,24,1.711469957068211,3.5296025965720452,2.436955746154759,0.23587487275103497,0.000256079742802981,-1.8791764961687347,0.4927171230526787,36.476252762052624,30.212407704391104,3289.562,60,-0.010023358239685991,3.530100199692163
B0018,24,24,1.7075021373272627,3.5289707694229833,2.4671365731790713,0.23400423826258288,0.00025325190422509944,-1.8780560689384003,0.4939304971807474,36.377208902376694,30.125011009636175,3283.797,59,-0.0005464260598985052,3.5286534747746394
B0018,25,24,1.7492382064360228,3.5322741848919814,2.4129371999368505,0.23858471665050535,0.00027016230726311996,-1.8993718818269214,0.45598750208160416,36.64000948247426,30.22428629982563,3325.235,58,0.018884124683906038,3.530282516962336
B0018,26,24,1.7327697147429955,3.532438322521663,2.3497771039810256,0.2435419818393612,0.0002683988850055216,-1.8926958551018211,0.4697948293651852,37.38165499248184,30.976376254737342,3317.547,57,0.012633788707866482,3.5312277589455423
B0018,27,24,1.7222313328292376,3.5363211310943603,2.4904700018477026,0.2339338166813496,0.00025519651972482623,-1.8783667048362822,0.4950470415463233,37.59824760372582,31.41570291330098,3311.766,56,-0.013503436803392594,3.5336778795026684
B0018,28,24,1.711846298984729,3.533535274219931,2.4650908929255406,0.2359904036028267,0.0002514758009921474,-1.870834339681941,0.507764643561668,37.560555155163414,31.383299841535273,3305.218,55,-0.010461707879133223,3.5340982426119845
B0018,29,24,1.699267835126687,3.527012841842043,2.363133281953362,0.242952334807339,0.00025246663295407714,-1.8696567234639716,0.5096182399964857,37.52114200586718,31.167937826253635,3295.453,54,-0.011481748851275161,3.5322897490521115
B0018,30,24,1.6940366439243106,3.52925730014011,2.4790616361836206,0.23562596170592504,0.0002460767976867486,-1.8623726014599724,0.5218817031204004,37.21887096740918,30.994690437264207,3287.0,53,-0.00890482753020882,3.5299351387340283
B0018,31,24,1.6819027078768087,3.527821497534469,2.491905723274248,0.2348918872075118,0.00024236329548630282,-1.8547843408980225,0.5343935057246717,37.33441415744885,31.055317978554886,3276.922,52,-0.008682563624938994,3.5280305465055406
B0018,32,24,1.6769770618433686,3.525692957415014,2.4337177596826547,0.23964142570667826,0.00024421850395222255,-1.8538766950740675,0.5360454651325246,37.7331798444306,31.373945543706103,3268.687,51,-0.008529791040470785,3.5275905850298646
B0018,33,24,1.6655229306478936,3.5243962482347273,2.4424506461535755,0.23906730756801445,0.0002403701111583493,-1.845735037450336,0.5481632922577944,37.84649344841882,31.56128410753226,3260.594,50,-0.00818988861445764,3.525970234394737
B0018,34,24,1.6571924575832084,3.520797576383474,2.4383419399858552,0.23898022240623704,0.0002355133541482087,-1.8382538558498933,0.5592550058413754,37.670164941661795,31.318474723902874,3258.812,49,-0.00989230213007991,3.523628927344405
B0018,35,24,1.6482241555294048,3.519457281260753,2.4157245398944123,0.2424910982322856,0.00023902275813811482,-1.8435676915974055,0.5514391809129776,37.53185198546868,31.104012325043946,3243.422,48,-0.008649387559244142,3.521550368626318
B0018,36,24,1.6387701497987262,3.513165600287965,2.323395712524894,0.2501534875196626,0.0002390686013358975,-1.83704467002657,0.5613521431263848,37.593333753421376,30.989730398009076,3236.515,47,-0.00921115389224111,3.517806819310731
B0018,37,24,1.6276486907262062,3.517217159454334,2.4985039496028567,0.2360542563715132,0.00022695883644253273,-1.8211904293154166,0.5844065284351198,37.361410110678264,30.967851972472324,3230.734,46,-0.010287732401599008,3.5166133470010172
B0018,38,24,1.62215370227252,3.5120091114107965,2.350237238739749,0.24801564173667426,0.00023384143976159312,-1.8270453339799269,0.5765078413987346,37.899803246715464,31.285342046153826,3222.093,45,-0.008308223763103034,3.514130623717699
B0018,39,24,1.6140066510467586,3.50911052654104,2.3337740352348813,0.24872755259651547,0.00023005159343630563,-1.819052179250902,0.5872722027551459,38.03149707759718,31.41096207271253,3220.344,44,-0.006821019839723617,3.5127789324687235
B0018,40,24,1.6760516154424623,3.516106699716392,2.317647291087635,0.2523387804840423,0.000262311165121851,-1.8693745969498121,0.51064241745496,37.42220155418978,30.755137125871208,3250.75,43,0.02694895658497127,3.5124087792227425
B0018,41,24,1.649300642552199,3.519010068254593,2.492394514304757,0.23801950601597288,0.00024068950842450883,-1.839770443871628,0.5568545144084124,37.32511174435206,30.977446633931525,3239.344,42,0.017646995752720464,3.514742431504008
B0018,42,24,1.63238299185809,3.5124212742229295,2.372828310153791,0.24764027911477246,0.000242304513427018,-1.837963396328485,0.5595593689454879,37.31088262198154,30.800512192698992,3222.25,41,-0.02183431179218591,3.5158460140646386
B0018,43,24,1.6164159719025777,3.50815215295169,2.3560703177076867,0.24868814670433595,0.00023819592073904338,-1.8296109578903785,0.5718849545545559,37.232346556887364,30.616192795676138,3206.157,40,-0.01644233532481062,3.513194498476404
B0018,44,24,1.6109028378249377,3.508648568515266,2.4644431530094417,0.24124748892293107,0.00023064745695692567,-1.8210831511954937,0.5838696197039824,36.94850857727268,30.399839302766903,3197.969,39,-0.010740077016576071,3.509740665229962
B0018,45,24,1.5954638693695657,3.5051993439595477,2.4195167274486726,0.2454833870794045,0.00023302042488027648,-1.8199201144788144,0.585778278664795,37.002663545357386,30.38386825126278,3181.625,38,-0.010476051266505684,3.5073333551421677
B0018,46,24,1.726707440085764,3.523165280193865,2.3422406504312434,0.2527663680637224,0.0003134524674147478,-1.8951156248467713,0.46384469380226484,36.71025442949399,30.576239500422748,3302.36,37,0.05790230113041343,3.5123377308895596
B0018,47,24,1.7165673917429753,3.527269876472835,2.3755467142668496,0.24691761491563502,0.0002947248431361208,-1.8867694858233446,0.4783212150453822,36.72807623650589,30.705906284556665,3285.812,36,0.060551761186704925,3.5185448335420824
B0018,48,24,1.6958235570934848,3.526762654741574,2.4146291375325917,0.24197228881643837,0.0002791552796505078,-1.8786631828974334,0.49324032814050023,36.72959308355185,30.62583594950684,3260.016,35,-0.015441941496139377,3.525732603802758
B0018,49,24,1.6777783190792557,3.523020179476104,2.3844645496129964,0.24328040938365159,0.00027046564136138583,-1.8704748023295987,0.5073349121605789,36.787462351640364,30.597357068657974,3240.031,34,-0.019394536331859842,3.5256842368968377
B0018,50,24,1.6606586897774192,3.519792345798265,2.398646371281655,0.24184899896763243,0.000259885819270547,-1.8562833971202242,0.5317240593773815,36.75689163314213,30.528493896066262,3232.265,33,-0.017582433658032703,3.5231917266719814
B0018,51,24,1.6664109274827466,3.5251014582287223,2.4557130111721626,0.23939833635840463,0.00026205370227153486,-1.8625354754370638,0.5212662196305107,37.350157630970955,31.203754246103966,3232.031,32,-0.0056836957982543835,3.5226379945010304
B0018,52,24,1.6468336174407805,3.518519199837846,2.323665882820083,0.24895502990812382,0.0002640990801881309,-1.8606833274060013,0.52395009380152,37.48126030855565,31.172639449335037,3209.5149999999994,31,-0.006912536168319329,3.521137667954944
B0018,53,24,1.6257639928779952,3.5190801794284594,2.488054079510012,0.2364897838479307,0.00024778076503247006,-1.8383636766891702,0.5585249663671572,37.125443897626305,30.96825922704022,3196.125,30,-0.020323467302375584,3.520900279165009
B0018,54,24,1.6121577411874595,3.5114167272902406,2.3306937114568003,0.248742640175246,0.00025434289726028166,-1.8436958588115397,0.5507329669971996,37.19112571388883,30.821704306343133,3172.562,29,-0.0173379381266601,3.5163387021855157
B0018,55,24,1.6057366823755344,3.5108038681605738,2.389399831578687,0.2451594140795012,0.0002484918068390339,-1.8362729789790888,0.5621879622030944,37.17642722353301,30.765219721637393,3172.735,28,-0.01001365525123021,3.5137669249597585
B0018,56,24,1.673645314879889,3.51432611790755,2.4864200723178747,0.2423708210517989,0.00027088223954236995,-1.864690278795044,0.5180525818431642,37.11936678632194,30.809988428281613,3238.109,27,0.030743786846215117,3.512182237786121
B0018,57,24,1.6404348572349936,3.5196664048265607,2.4673631110639858,0.24183473310310893,0.0002627914123263354,-1.8572649157581866,0.5299496773990815,37.2702464066457,31.039033590700278,3191.063,26,0.017349087429729904,3.5149321302982286
B0018,58,24,1.6132653317422077,3.512403849382274,2.375173080957567,0.24831044327729748,0.00025944444366867835,-1.8483454421357695,0.5439678410748331,37.39550861947664,31.04176453157222,3165.828,25,-0.030189991568840634,3.515465457372128
B0018,59,24,1.5920964324686278,3.5077862234460104,2.371626022111289,0.24798510872806295,0.0002541470079379537,-1.839168422289249,0.5579580602841322,37.378956702246384,30.959784195511766,3140.407,24,-0.02416921238318273,3.513285492551615
B0018,60,24,1.5866011820698824,3.5076596102713244,2.463955873060647,0.24176513200558977,0.00024608473489606076,-1.8303326102702338,0.5706945055301016,37.245718322158105,30.843513277103145,3131.922,23,-0.013332074836162404,3.5092832276998696
B0018,61,24,1.5800766490336253,3.5074833565874615,2.475545296633258,0.24237941979502164,0.00024608037414572105,-1.829290599843924,0.5724466902011421,37.21755583353321,30.797157400797865,3121.109,22,-0.006009891717501168,3.5076430634349323
B0018,62,24,1.5641732953289167,3.5023865933440717,2.3791563087604626,0.25006126825340175,0.0002491876945659787,-1.8278449003095165,0.5742593028566971,37.56150979821064,30.984434580754094,3105.265,21,-0.011213943370482827,3.505843186734286
B0018,63,24,1.555618272193922,3.503693493885047,2.4776158338943337,0.24293051873935917,0.00024185135296360576,-1.8188198987741453,0.586841984204412,37.4174791317661,30.967899275139946,3091.25,20,-0.012229188419851636,3.50452114793886
B0018,64,24,1.5402045278637397,3.4989948462048113,2.4205549690097223,0.24757542528094925,0.0002428997593144673,-1.817194042260449,0.5888596862938004,37.55101533655474,30.976616345195186,3076.703,19,-0.011984383732588302,3.5016916444779764
B0018,65,24,1.5321613015959863,3.495405576723954,2.415388497112405,0.24806656368733818,0.00024182997464483648,-1.8157980815469454,0.5908996546649903,37.59895044072871,30.89768961926806,3062.328,18,-0.011728485298967806,3.499364638937937
B0018,66,24,1.5316232403693415,3.494528300232307,2.3974205597873093,0.25131607085775737,0.00024604599007252485,-1.822108117298183,0.5821582195156936,37.489239782169804,30.81568822237933,3050.563,17,-0.0042906437471990355,3.496309574387024
B0018,67,24,1.5222595950771978,3.4962554827793926,2.497752653580319,0.24403995501441178,0.0002390545026168845,-1.8129628028687814,0.5952783563830066,37.37911114363861,30.726188079151118,3034.672,16,-0.004950853259394009,3.495396453245218
B0018,68,24,1.5065267126851283,3.48769646191346,2.3726090777895896,0.25261083356899555,0.00023942580857470362,-1.8044876731207795,0.6065337513252166,37.559604168615785,30.76818712651005,3031.25,15,-0.012548263842106498,3.4928267483083864
B0018,69,24,1.5014219556532926,3.486547580844067,2.36844257542991,0.25421974568816713,0.0002425048693880387,-1.809986175960184,0.5993292137989468,37.61805450748922,30.775415173787835,3011.343,14,-0.01041881971195247,3.4901665085123064
B0018,70,24,1.4963534117486457,3.482298183882304,2.331968556073514,0.2567453685120387,0.00024231474824933734,-1.8090400456598725,0.6003399044077647,37.71101994346608,30.761821976538275,3003.0,13,-0.005086650468241146,3.4855140755466105
B0018,71,24,1.5334262000312422,3.491819481711868,2.4057755306304176,0.2523757254841878,0.00025386411207396385,-1.8273691233501441,0.5753946456070788,37.767989299214086,30.913721930762733,3045.187,12,0.016002122188974923,3.486888415479413
B0018,72,24,1.523845267514426,3.493995853241935,2.4720838848798987,0.24787661625868782,0.0002468063582430647,-1.8180385592622932,0.5884044857138683,37.91919394450186,31.228215653165606,3028.469,11,0.013745927882890424,3.489371172945369
B0018,73,24,1.5011920994261239,3.484377015629623,2.342731326096539,0.2563184923366143,0.0002461234714165987,-1.8085351614741645,0.6017111392190142,37.99328509003338,31.261679783387308,3012.937,10,-0.016117050302559048,3.490064116861142
B0018,74,24,1.492417671450291,3.4859116793558376,2.4198650452188226,0.25178046921877606,0.00024266435853452845,-1.8068041184926535,0.6035048613646924,37.984838024989045,31.18408593575448,2998.875,9,-0.01571379803206719,3.4880948494091317
B0018,75,24,1.483323851940123,3.4842787539766786,2.438879997223475,0.2508652563260822,0.00024118448188570213,-1.8050190987020625,0.6056880584788689,37.8288851383529,31.001432353085377,2983.547,8,-0.008934123743000264,3.4848558163207133
B0018,76,24,1.4807376792294196,3.482988652120672,2.430465824271706,0.2527666120037829,0.0002449596997850399,-1.8118563821702207,0.5969033315535529,37.844837975501,30.981374033120872,2966.86,7,-0.005839996110435587,3.484393028484396
B0018,77,24,1.4735077809902477,3.483799876979844,2.4907267597860656,0.24802832713581485,0.0002400239710742231,-1.8021525551783737,0.6102519084386244,37.8984610468502,31.088687926688607,2954.797,6,-0.004908035474937368,3.483689094359065
B0018,78,24,1.46801928526661,3.4787540756450497,2.3678328028644775,0.25814755065726835,0.00024718400291582287,-1.8092953592546854,0.6003267799218304,38.27784043980244,31.336420133762665,2945.735,5,-0.006359196981404567,3.4818475349151883
B0018,79,24,1.4580923557119019,3.4752194351784507,2.3532703553328904,0.2587418006364251,0.00024392822366327608,-1.8000309691416814,0.6124490248454585,38.24434303919528,31.22599987103565,2941.375,4,-0.007707712639172772,3.479257795934448
B0018,80,24,1.4478660988891399,3.470739535801023,2.362897904778893,0.25772371294595886,0.00024206156901095127,-1.7981302589297092,0.6145766343541279,38.06956259266949,31.037323488688802,2923.953,3,-0.010076593188735111,3.474904348874841
B0018,81,24,1.4527808777541982,3.474600910003521,2.420200016704328,0.2561984574820731,0.0002454426383479759,-1.8058248446047425,0.6046864853168988,37.81744565252647,30.811349225731828,2921.031,2,-0.002655738978851638,3.4735199603276645
B0018,82,24,1.4425356364492432,3.4740521567700093,2.472605886588914,0.2512971706951936,0.00024038693898046008,-1.795955865281378,0.6181698739348518,37.902567770354786,30.932223179746046,2902.75,1,-0.0026652312199480555,3.4731308675248513
B0018,83,24,1.4392712877203313,3.475075728648004,2.483165462226557,0.2509904827066951,0.00024016564242185833,-1.7951057003644757,0.618933989993131,38.16628336469349,31.215527070380897,2897.875,0,-0.0067547950169332144,3.474576265140511
B0018,84,24,1.4286475681888218,3.472424307596416,2.4341986830086237,0.25484104285559894,0.00024232152450573828,-1.7940097981352856,0.6205845867664036,38.36789486715962,31.400797084337558,2892.094,0,-0.0069440341302105186,3.4738507310048097
B0018,85,24,1.4249026750004896,3.471751102262539,2.497859027600416,0.24949789396086638,0.0002359765385172384,-1.7841592631620102,0.6322457302959145,38.19823604401131,31.259213269721236,2886.921,0,-0.007184306359920791,3.473083712835653
B0018,86,24,1.4698115324524124,3.4745407296058963,2.3747408457948316,0.25954019804112044,0.0002571822390916256,-1.8136320536623207,0.5946002285557522,38.099982807571635,31.134701292957466,2942.531,0,0.020581982131795448,3.472905379821617
B0018,87,24,1.4525819651050202,3.471720060423485,2.3589340839760866,0.260516253498242,0.0002564838009489585,-1.8109604460875317,0.5979305613457744,38.214523782841354,31.246879695988095,2912.469,0,0.013839645052265427,3.4726706307639734
B0018,88,24,1.442834198908794,3.471398409828823,2.4413266342198545,0.2544263229056697,0.0002484890447425101,-1.800802328247715,0.6114932928667776,37.939696536164234,31.027558674438325,2895.594,0,-0.013488666771808901,3.472553066619401
B0018,89,24,1.428376058807949,3.4626491088970703,2.311419659807122,0.26385932209588037,0.0002507512493713384,-1.798647877727257,0.6138855024551874,38.06666733482501,30.931917385258963,2884.406,0,-0.012102953148535468,3.4685891930497927
B0018,90,24,1.4154547844370715,3.466072725920186,2.4953159238201255,0.24944379745426662,0.00023719993368459324,-1.7804067367547436,0.6370599693980358,37.63260475617888,30.667082236656018,2873.766,0,-0.013689707235861007,3.4667067482153597
B0018,91,24,1.454576670077708,3.4730670533412877,2.4398479869382084,0.256998603773989,0.0002578901116928583,-1.8167125180994765,0.5905432240305882,38.18223603956323,31.226789107710772,2893.375,0,0.013100305634879555,3.4672629627195146
B0018,92,24,1.4283179548274056,3.4668548162926327,2.376538319699514,0.25940577128111114,0.00025173350835925126,-1.7981268087177564,0.615175869824526,38.3907466519188,31.387733116648285,2884.9839999999967,0,0.006431585195167208,3.4686648651847016
B0018,93,24,1.4197026883204058,3.46527367520258,2.3722299202290382,0.26004857673152804,0.00025132329292141913,-1.7964439222994821,0.6175723216535413,38.51622654624205,31.505666838292886,2870.234,0,-0.017436990878650842,3.4683985149455
B0018,94,24,1.4155606630306516,3.4638878223448684,2.361475505115684,0.2614012721012322,0.0002505204943401572,-1.795371462470329,0.6185854999461717,38.56612180540248,31.5462258449116,2864.11,0,-0.006378645898376827,3.4653387712800274
B0018,95,24,1.405680035419228,3.457807923440064,2.317937855025735,0.2637843275246904,0.0002505794369148147,-1.7937175263130196,0.621305543593045,38.5606541602861,31.389977882297476,2846.64,0,-0.0070113264505888215,3.4623231403291705
B0018,96,24,1.4084461071166137,3.459813554486507,2.3372859753156225,0.26401849793435667,0.0002544458060968918,-1.8014517734888207,0.6106925334860716,38.53842073636507,31.385433749863733,2839.532,0,-0.00355727795701889,3.4605031000904796
B0018,97,24,1.3968547782872414,3.458027727779737,2.3528810264952194,0.26240215486440727,0.00025100018432235613,-1.7915215753378781,0.6236313916998142,38.548873480234754,31.423707199142058,2832.703,0,-0.004412628565993177,3.458549735235436
B0018,98,24,1.3935670371440676,3.4613996718507845,2.4646122144537173,0.25436348272958975,0.0002443213354059156,-1.7816941240706174,0.6362211262767111,38.45838357496903,31.435368910968148,2827.077999999994,0,-0.007439534986273007,3.459746984705676
B0018,99,24,1.3893644292809475,3.4611285476693214,2.4684655225527004,0.25451400427608056,0.00024407421429575046,-1.7797379985412234,0.6387591462974623,38.54382874673793,31.542375291159843,2821.531,0,-0.003745174503146957,3.4601853157666143
B0018,100,24,1.3785651415666713,3.455556822823358,2.4092923539400735,0.2589834605607093,0.0002477829229744559,-1.7856528650965158,0.6312222058682411,38.650883957434026,31.52669677306915,2805.156,0,-0.0075009477886981745,3.459361680781155
B0018,101,24,1.384901110085747,3.459598362944341,2.477625480372779,0.2543532391096489,0.0002437792528074923,-1.7784070647657095,0.6396665691444494,38.45654834997334,31.435921914290372,2814.906,0,-0.0022316595976001954,3.458761244479007
B0018,102,24,1.3703251814242443,3.4506569891269216,2.335608852853518,0.263423300497629,0.00024853737658511667,-1.7778412667349817,0.6413506214395214,38.6564130442344,31.475238112886494,2801.156,0,-0.004119980071213552,3.455270724964873
B0018,103,24,1.3733464385229082,3.455515243082573,2.441999086782534,0.2569366308625665,0.0002460192718153766,-1.7764462760420034,0.6426186512846561,38.655587491253975,31.5817445550721,2794.187,0,-0.00577733578141923,3.4552568650512785
B0018,104,24,1.3679487285504814,3.455840338587253,2.4651687831472158,0.25545113736601277,0.00024505531525296847,-1.7752748972563315,0.6439585053065756,38.6997087046862,31.647958536134297,2785.391,0,-0.001188226436881196,3.4540041902655823
B0018,105,24,1.3567141087089647,3.448678293668265,2.370892032033162,0.2612930004988529,0.0002471688279954627,-1.7742013268724648,0.6451719450259635,38.87481687744787,31.662032275252905,2779.5,0,-0.008316164906971622,3.453344625112697
B0018,106,24,1.4604310209194575,3.474503178644755,2.461879783248223,0.2556944497754274,0.00026718880393824016,-1.8196650877007408,0.586549765279328,37.363974526077364,30.434500875864142,2899.234,0,0.046241146184488255,3.4596739369667575
B0018,107,24,1.4500998937104097,3.474031881945217,2.4247066368907255,0.25755756066824986,0.0002655903860460628,-1.8096836854216038,0.6002875701859975,37.88258787662229,31.017997058077018,2894.922,0,0.046692892500722706,3.4657377847527457
B0018,108,24,1.4381406901824496,3.474404210386772,2.4447222974031386,0.2554759257484419,0.00026038865148795534,-1.7993287687468955,0.6132733366274968,38.158980736604235,31.39483761465523,2888.25,0,-0.01114516536850372,3.4743130903255817
B0018,109,24,1.4283681980964316,3.471767043833224,2.443569395327192,0.2569035121433625,0.00025838739484913473,-1.7959419603883284,0.6173426525372289,38.05243159675446,31.24511885640641,2873.906,0,-0.010865847806988828,3.4734010453884046
B0018,110,24,1.4147874517552432,3.4685305272975935,2.4666000274194886,0.25388594966506284,0.00025546417520153894,-1.7956017209600372,0.618300999238423,37.89096376444466,31.05306925187263,2847.406,0,-0.011676619213603188,3.471567260505863
B0018,111,24,1.413889163393182,3.4651213646662598,2.4272514813701016,0.25859194493549637,0.0002559487366780161,-1.7929541659933774,0.6216320056247608,37.81203585126145,30.88589263299331,2849.281,0,-0.0072395173516245585,3.4684729785990256
B0018,112,24,1.3989331662177225,3.4652879859475885,2.4762628371779,0.25283242586660987,0.0002510044151344802,-1.784474211719448,0.6323087479107589,37.9591954678784,31.053992379018933,2833.688,0,-0.007927142768760278,3.4663132926371474
B0018,113,24,1.3953322584033976,3.461799526154992,2.3607989727330003,0.26236963956853215,0.0002590910358440625,-1.793581043096934,0.6220040809868876,38.521043498835155,31.492840068071885,2826.453,0,-0.009278452494892168,3.4640696255896137
B0018,114,24,1.390046129540245,3.463260140320492,2.377011586588198,0.2613577584434526,0.00025969036510797486,-1.7920645354970144,0.6233712946026018,38.878687997701746,31.93832684630049,2818.312,0,-0.004443518338738491,3.4634492174743574
B0018,115,24,1.3860271454209647,3.462839429201602,2.4567563196678455,0.25503797910208703,0.00025099741120993994,-1.7809541104468565,0.6363041167015956,38.65118899876309,31.74562722135923,2812.7189999999973,0,-0.004652556491216207,3.4626330318923624
B0018,116,24,1.388215260193751,3.4569152237960306,2.3277314025979847,0.26697340100884936,0.00026314371986063423,-1.7989851707207014,0.6136015374226743,38.434235278537344,31.31018499405759,2803.5,0,-0.0009154346732469957,3.4610049311060416
B0018,117,24,1.3761826562394497,3.4574690175816127,2.4537913827403948,0.2568228137679184,0.0002532575215881008,-1.7873231599598716,0.6283660366326043,38.103875724329995,31.127360345471814,2783.25,0,-0.004922244590757231,3.4590745568597487
B0018,118,24,1.3647168898640165,3.4502191781217797,2.3475608877759067,0.2643003813390103,0.0002560103014562777,-1.7861666392556754,0.6300010907202901,38.12742842632319,30.985550813719595,2776.391,0,-0.011749185164867068,3.4548678064998075
B0018,119,24,1.3589854739373584,3.4486728051793962,2.3558347560196564,0.26393140331671344,0.0002558098608846647,-1.7849995504167615,0.630878906976592,38.03962943213698,30.899653280757406,2766.516,0,-0.008598591151045493,3.452120333627596
B0018,120,24,1.3462308764008801,3.444632719716698,2.3791102362944754,0.26169754461682443,0.00025262783999717805,-1.778331020505836,0.639379848746925,37.85657903247749,30.706123644966482,2751.516,0,-0.00924300673156813,3.4478415676726244
B0018,121,24,1.4268427818454643,3.467272639213176,2.444740635238248,0.2590954604625469,0.0002681125085066294,-1.809775952165901,0.5998929255667806,37.43017193410286,30.47122187456595,2848.859,0,0.03392865395405307,3.45352605470309
B0018,122,24,1.4064481483279663,3.464490491162134,2.431867772331712,0.25720031438600915,0.0002610858163424815,-1.7896694300229208,0.6259143571313354,37.8264149292754,30.939221783021114,2840.016,0,0.03010863596354305,3.458798616697336
B0018,123,24,1.3934907492075153,3.459667012281024,2.344037291947413,0.2645119375542321,0.000267001694803511,-1.7970097248124899,0.616291401136465,38.08307173716899,31.111640631561894,2817.375,0,-0.016676016318974436,3.4638100475521116
B0018,124,24,1.3882493512249316,3.462241956955771,2.456436863057259,0.2559372101503028,0.0002573079637693407,-1.7861513769566684,0.6297547238438339,37.88279649093536,31.037910219908994,2809.234,0,-0.009099398551517271,3.4621331534663096
B0018,125,24,1.3701878338420928,3.4555661695067355,2.395547668334432,0.2596982368038693,0.0002579420868487297,-1.784162084841115,0.6324689086646982,37.96027066990377,30.967950840538833,2791.187,0,-0.011651457682711166,3.459158379581177
B0018,126,24,1.3796951665608619,3.458696199585801,2.4536749172979215,0.2567368169580032,0.00025470387469563217,-1.7845257009241222,0.632625610318277,37.880513353762176,30.93996203578424,2794.016,0,-0.004277092332034663,3.4588347753494357
B0018,127,24,1.3686586323935683,3.4525282614097663,2.3062728144586413,0.2674956170053475,0.00026497194346918507,-1.7920667435100546,0.623598617743903,38.43416278222213,31.295019295352862,2774.719,0,-0.0007646007242622209,3.4555968768341008
B0018,128,24,1.3627371779096438,3.4552290080443044,2.3471092023857154,0.2641142102955423,0.0002616832307234246,-1.782779873271704,0.635139666997203,38.847489737859576,31.81846533166901,2777.844,0,-0.00847899432560883,3.4554844896799572
B0018,129,24,1.3634051133928073,3.4619744219744675,2.4884289104730986,0.2539173569253529,0.00025180059091810454,-1.7725212915953121,0.6472460682723474,38.80283421497622,32.00067162597675,2781.125,0,-0.002626759500380229,3.4565772304761793
B0018,130,24,1.3518646035305233,3.452221905520614,2.3992178234155577,0.2592424399841937,0.00025352033727635786,-1.769870119236631,0.6498776113343834,38.72699121838442,31.73992229230571,2760.906,0,-0.005436287189560203,3.456475111846462
B0018,131,24,1.3547969729652622,3.447650049442191,2.2786338886500292,0.2701822921841344,0.00026408212827076105,-1.7884847819526568,0.6271065213681674,38.67191958148309,31.52613649688221,2753.25,0,-0.004304070213772438,3.453948792312424
B0018,132,24,1.341051440640485,3.447928507599004,2.3655846763383734,0.2633941942740437,0.0002581745914184265,-1.77774044867741,0.6406746344246685,38.371813640118894,31.27624493654335,2742.843,0,-0.005406581445018976,3.449266820853936
